SN,Tipe,Model,Purchase Date,Status Beli,Asal PO,Status,NIK,User,Kd Site,Site,No Mobil,SIM Card,Imei,Link Foto Asset,Keterangan
01D7040057042300087,Fingerprint,INTERAKTIVE,,,,Cek,,,030028,WILAYAH BODEBEK,,,,,RUSAK DI WILAYAH
02067DB140B6,Printer,EPPOS,,,,Pakai,,,,,,,,,tes
0209F1A290F6,Printer,EPPOS,,,,Cek,,,,,,,,,
020B84192483,Printer,EPPOS,,,,Cek,,,,,,,,,
020C2C268F31,Printer,EPPOS,,,,Cek,,,,,,,,,
02105E397CF9,Printer,EPPOS,,,,Cek,,,,,,,,,
02124AEADD63,Printer,EPPOS,,,,Cek,,,,,,,,,
0218972A5ADB,Printer,EPPOS,,,,Cek,,,,,,,,,
021B8C6BF300,Printer,EPPOS,,,,Cek,,,,,,,,,
021CF44B97E7,Printer,EPPOS,,,,Cek,,,,,,,,,
021E6C2B91CE,Printer,EPPOS,,,,Cek,,,,,,,,,
0221B3458316,Printer,EPPOS,,,,Cek,,,,,,,,,
0226B4E93D3F,Printer,EPPOS,,,,Cek,,,,,,,,,
02287CA2444B,Printer,EPPOS,,,,Cek,,,,,,,,,
022B51DFF0BD,Printer,EPPOS,,,,Cek,,,,,,,,,
022C7ED59985,Printer,EPPOS,,,,Cek,,,,,,,,,
022D5A5F1890,Printer,EPPOS,,,,Cek,,,,,,,,,
023D31A556FB,Printer,EPPOS,,,,Cek,,,,,,,,,
0F0218703ACE,Printer,EPPOS,,,,Cek,,,,,,,,,
0F0218717650,Printer,EPPOS,,,,Cek,,,,,,,,,
0F0218718084,Printer,EPPOS,,,,Cek,,,,,,,,,
0F02187185AE,Printer,EPPOS,,,,Cek,,,,,,,,,
0F021871863D,Printer,EPPOS,,,,Cek,,,,,,,,,
0F0218718645,Printer,EPPOS,,,,Cek,,,,,,,,,
0F0218718685,Printer,EPPOS,,,,Cek,,,,,,,,,
0F02187186A1,Printer,EPPOS,,,,Cek,,,,,,,,,
0F0218718756,Printer,EPPOS,,,,Cek,,,,,,,,,
0F0218718912,Printer,EPPOS,,,,Cek,,,,,,,,,
0F0218718C24,Printer,EPPOS,,,,Cek,,,,,,,,,
0F0218718C27,Printer,EPPOS,,,,Cek,,,,,,,,,
0F0218718F8C,Printer,EPPOS,,,,Cek,,,,,,,,,
0F0218719026,Printer,EPPOS,,,,Cek,,,,,,,,,
0F0218719092,Printer,EPPOS,,,,Cek,,,,,,,,,
0F0218719400,Printer,EPPOS,,,,Cek,,,,,,,,,
0F021871940D,Printer,EPPOS,,,,Cek,,,,,,,,,
0F021872025D,Printer,EPPOS,,,,Cek,,,,,,,,,
1216Z0600055,UPS,,,,,Jual,,,,,,,,,JUAL
12Z61H2,CPU,DELL,,,,Cek,921008369,YOGA ROHMAT SETIYAWAN,,DP KARAWANG,,,,,
13481H2,CPU,DELL,,,,Cek,901001565,NURSIAH SUTARHENI,,,,,,,
136161506,CCTV,HIKVISION,,,,Cek,,,,,,,,,
13681H2,CPU,DELL,,,,Cek,912005663,MARSHEILLA,,,,,,,
178432S,Komputer,DELL,,,,Jual,917003499,IGNATIUS ARDI PRASETYO LAIA,030705,DP CIKARANG,,,,,JUAL
180809005000404,Printer,EPPOS,,,,Cek,,,,,,,,,
180809005000405,Printer,EPPOS,,,,Cek,,,,,,,,,
180809005000406,Printer,EPPOS,,,,Cek,,,,,,,,,
180809005000407,Printer,EPPOS,,,,Cek,,,,,,,,,
180809005000408,Printer,EPPOS,,,,Cek,,,,,,,,,
180809005000411,Printer,EPPOS,,,,Cek,,,,,,,,,
180809005000412,Printer,EPPOS,,,,Cek,,,,,,,,,
180809005000413,Printer,EPPOS,,,,Cek,,,,,,,,,
180809005000415,Printer,EPPOS,,,,Cek,,,,,,,,,
180809005000416,Printer,EPPOS,,,,Cek,,,,,,,,,
180809005000417,Printer,EPPOS,,,,Cek,,,,,,,,,
180809005000418,Printer,EPPOS,,,,Cek,,,,,,,,,
180809005000419,Printer,EPPOS,,,,Cek,,,,,,,,,
180809005000420,Printer,EPPOS,,,,Cek,,,,,,,,,
180809005000425,Printer,EPPOS,,,,Cek,,,,,,,,,
180809005000426,Printer,EPPOS,,,,Cek,,,,,,,,,
180809005000428,Printer,EPPOS,,,,Cek,,,,,,,,,
180809005000443,Printer,EPPOS,,,,Cek,,,,,,,,,
180809005000446,Printer,EPPOS,,,,Cek,,,,,,,,,
180809005000448,Printer,EPPOS,,,,Cek,,,,,,,,,
180809005000453,Printer,EPPOS,,,,Cek,,,,,,,,,
180809005000454,Printer,EPPOS,,,,Cek,,,,,,,,,
180809005000455,Printer,EPPOS,,,,Cek,,,,,,,,,
180809005000457,Printer,EPPOS,,,,Cek,,,,,,,,,
180809005000458,Printer,EPPOS,,,,Cek,,,,,,,,,
180809005000462,Printer,EPPOS,,,,Cek,,,,,,,,,
180809005000463,Printer,EPPOS,,,,Cek,,,,,,,,,
180809005000464,Printer,EPPOS,,,,Cek,,,,,,,,,
180809005000466,Printer,EPPOS,,,,Cek,,,,,,,,,
180809005000467,Printer,EPPOS,,,,Cek,,,,,,,,,
180809005000480,Printer,EPPOS,,,,Cek,,,,,,,,,
180809005002635,Printer,EPPOS,,,,Cek,,,,,,,,,
1FQ75M2,Notebook,DELL,,,,Cek,,,030028,WILAYAH BODEBEK,,,,,"EX ALVANDA, EX GERALD (RUSAK BATERAI DI WILAYAH)"
1KQQ8X1,CPU,DELL,,,,Cek,916002297,HANES VALENTINO,,,,,,,
1TPM8X1,CPU,DELL,,,,Cek,922008592,OKY ALEXANDER,,,,,,,
1XRC9V2,CPU,DELL,,,,Cek,918009144,AMELIA NOVIYANTI,,,,,,,ASURANSI
1Y189V2,CPU,DELL,,,,Cek,925000589,SYAHWA FITRIANI,030705,DP CIKARANG,,,,,
1Y589V2,CPU,DELL,,,,Cek,912003032,UJANG HIDAYAT,,,,,,,
1ZZ322S,CPU,DELL,,,,Cek,902001729,NASIKUDIN,,,,,,,
2S3VQ02,CPU,DELL,,,,Cek,921008369,YOGA ROHMAT SETIYAWAN,,,,,,,
3B1741X09250,UPS,APC,,,,Cek,,,,,,,,,
3B1741X09291,UPS,APC,,,,Cek,,,,,,,,,
3B1741X09293,UPS,APC,,,,Cek,,,,,,,,,
3B1741X09359,UPS,APC,,,,Cek,,,,,,,,,
3B1741X22925,UPS,APC,,,,Cek,,,,,,,,,
3B1741X23624,UPS,APC,,,,Cek,,,,,,,,,
3B1904X74113,UPS,APC,,,,Cek,,,,,,,,,
3B1904X75509,UPS,APC,,,,Cek,,,,,,,,,
3CFCNW1,CPU,DELL,,,,Cek,913003783,ROBERTUS ANDIKA SEPTIAN,,,,,,,
3CQ2200LJQ,Monitor,HP,,,,Cek,918007732,FEBRIKA PUJIASMORO,,,,,,,
3CQ2200LJZ,Monitor,HP,,,,Cek,918007732,FEBRIKA PUJIASMORO,,,,,,,
3CQ2200LYD,Monitor,HP,,,,Cek,918007732,FEBRIKA PUJIASMORO,,,,,,,
3CQ9412L1M,Monitor,HP,,,,Cek,918007732,FEBRIKA PUJIASMORO,,,,,,,
3CQ9412L1W,Monitor,HP,,,,Cek,918007732,FEBRIKA PUJIASMORO,,,,,,,
3CQ9412L2V,Monitor,HP,,,,Cek,918007732,FEBRIKA PUJIASMORO,,,,,,,
3CQ9423CL4,Monitor,HP,,,,Cek,918007732,FEBRIKA PUJIASMORO,,,,,,,
3MQQ8X1,CPU,DELL,,,,Cek,923007000,TREASURE JOSELINO SUKI,,DP KARAWANG,,,,,
3MZ822S,CPU,DELL,,,,Cek,922008879,IKHWAN BAGUS RASYIDIN,,DP DEPOK,,,,,
4CE221CG40,CPU,HP,,,,Cek,907002009,WISNU JOKO PRIHATIN,,,,,,,
4CE221CG5Q,CPU,HP,,,,Cek,924006790,CAROLINA PERMATA SARI,,,,,,,
4CE221CG5R,CPU,HP,,,,Cek,924007366,CHATERINE LUTHEA PUTRI AMANDA,,,,,,,
4CGXDX3,Laptop,DELL,,,,Cek,922009811,RIKI AGUSTINUS,,,,,,,RIKI AGUSTINUS (BELUM BALIK) (JBT)
4LH3X02,CPU,,,,,Cek,,,030705,DP CIKARANG,,,,,
4T66LP2,Laptop,DELL,,,,Cek,918007732,HARRY FADHLAN FARID,,,,,,,HARRY FADHLAN FARID
57FCNW1,CPU,DELL,,,,Cek,921000341,RAMDANI.,030705,DP CIKARANG,,,,,
5CD147LQLN,Notebook,HP,,,,Cek,,,,,,,,,EXT KARINA (RUSAK DI WILAYAH)
5CD147LQNJ,Laptop,HP,,,,Jual,904002609,DANIEL STEFANUS,,,,,,,DANIEL STEFANUS (BELUM BALIK) (YOSUA)
5CD147LQQ0,Notebook,HP,,,,Cek,918007732,OKTAVIANUS CHANDRA,,,,,,,OKTAVIANUS CHANDRA
5CD147LQQC,Laptop,HP,,,,Cek,918008770,RAPI APRIANSYAH,,,,,,https://drive.google.com/file/d/1sdTSdP5KWkMAsgkzV9rr1Z7GiM7x2ge5/view?usp=drive_link,RAPI APRIANSYAH
5CD147LQQO,Laptop,,,,,,,,,,,,,,OKTAVIANUS CHANDRA
5CD201J7M2,Notebook,HP,,,,Cek,913004208,MIKHAEL DARIUS,,,,,,,MIKHAEL DARIUS
5CD2032H1B,Notebook,HP,,,,Cek,,,030028,WILAYAH BODEBEK,,,,,HERRYSA (RUSAK MOTHERBOARD DI WILAYAH)
5CD9514F9W,Notebook,HP,,,,Cek,918006167,MARYO WILDO WENNO,,,,,,,MARYO WILDO WENNO
5DGXDX3,Notebook,DELL,,,,Cek,920008945,ANDREAS,,,,,,,ANDREAS (BELUM KEMBALI)
5P3VQ02,CPU,DELL,,,,Cek,924004368,ZIDAN RAHALDY,030705,DP CIKARANG,,,,,
6427143900001,Fingerprint,INTERAKTIVE,,,,Cek,,,030028,WILAYAH BODEBEK,,,,,RUSAK DI WILAYAH
6427143900103,Fingerprint,INTERAKTIVE,,,,Cek,,,030028,WILAYAH BODEBEK,,,,,RUSAK DI WILAYAH
6427143900110,Fingerprint,INTERAKTIVE,,,,Cek,,,030028,WILAYAH BODEBEK,,,,,RUSAK DI WILAYAH
6427143900154,Fingerprint,INTERAKTIVE,,,,Cek,,,030028,WILAYAH BODEBEK,,,,,RUSAK DI WILAYAH
6427151700139,Fingerprint,INTERAKTIVE,,,,Cek,,,030028,WILAYAH BODEBEK,,,,,RUSAK DI WILAYAH
6612353D7F98,Printer,EPPOS,,,,Cek,,,,,,,,,
6DFCNW1,CPU,DELL,,,,Cek,913003783,ROBERTUS ANDIKA SEPTIAN,,,,,,,
6J6H52S,CPU,DELL,,,,Cek,924008869,"FUJI, SE",,,,,,,
6MZ822S,CPU,DELL,,,,Cek,,,,POS CIAMPEA,,,,,
6V9XD2S,CPU,DELL,,,,Cek,918007732,FEBRIKA PUJIASMORO,,,,,,,
6WPRYF2,Notebook,DELL,,,,Cek,908002292,JULIANA,,,,,,,JULIANA
6WRTF42,CPU,DELL,,,,Cek,917005017,NISVI TRISNA SURYANI,,,,,,,
778733,Printer,EPSON,,,,Cek,,,,,,,,,
779823498,CCTV,,,,,Jual,,,,,,,,,JUAL
7FFCNW1,CPU,DELL,,,,Cek,,,,POS KRANJI,,,,,
7H0FW22,CPU,DELL,,,,Cek,913004174,DAVIT SARI ANDI R,,,,,,,
7PY83L2,Notebook,DELL,,,,Cek,,,030028,WILAYAH BODEBEK,,,,,EXT HENDRIK (RUSAK MATI TOTAL DI WILAYAH)
7VGXD2S,CPU,DELL,,,,Cek,,,,,,,,,
809617370037,Printer,TALLY,,,,Jual,,,,,,,,,ASURANSI
809617370065,Printer,TALLY,,,,Cek,,,,,,,,,
809617510052,Printer,TALLY,,,,Cek,,,,,,,,,
809617510058,Printer,TALLY,,,,Jual,,,,,,,,,JUAL
809617510097,Printer,TALLY,,,,Jual,,,,,,,,,JUAL
809617510100,Printer,TALLY,,,,Jual,,,,,,,,,JUAL
809617510152,Printer,TALLY,,,,Jual,,,,,,,,,JUAL
809618150003,Printer,TALLY,,,,Jual,,,,,,,,,JUAL
809618150004,Printer,TALLY,,,,Jual,,,,,,,,,DP BEKASI
809618150007,Printer,TALLY,,,,Jual,,,,,,,,,DP KARAWANG
809618150013,Printer,TALLY,,,,Jual,,,,,,,,,ASURANSI
809618150014,Printer,TALLY,,,,Jual,,,,,,,,,DP CIKARANG
809618150015,Printer,TALLY,,,,Jual,,,,,,,,,JUAL
809618150016,Printer,TALLY,,,,Jual,,,,,,,,,JUAL
827460943,CCTV,HIKVISION,,,,Cek,,,,,,,,,
834623390053,Printer,TALLY,,,,Cek,,,,,,,,,
834623390099,Printer,TALLY,,,,Cek,,,,,,,,,
834623390104,Printer,TALLY,,,,Cek,,,,,,,,,DP BEKASI
834623390108,Printer,TALLY,,,,Cek,,,,,,,,,
834623390112,Printer,TALLY,,,,Cek,,,,,,,,,
834623390121,Printer,TALLY,,,,Cek,,,,,,,,,
834623390180,Printer,TALLY,,,,Cek,,,,,,,,,
834623390192,Printer,TALLY,,,,Cek,,,,,,,,,
834623390199,Printer,TALLY,,,,Cek,,,,,,,,,
834623390215,Printer,TALLY,,,,Cek,,,,,,,,,
834623390220,Printer,TALLY,,,,Cek,,,,,,,,,
834623390221,Printer,TALLY,,,,Cek,,,,,,,,,
834623390223,Printer,TALLY,,,,Cek,,,,,,,,,
834623390237,Printer,TALLY,,,,Cek,,,,,,,,,
8CG9480CBJ,CPU,HP,,,,Cek,918007732,FEBRIKA PUJIASMORO,,,,,,,
8CG9480CTX,CPU,HP,,,,Cek,918004384,OCTAVIA ROSALIN LUMBAN TOBING,,,,,,,
8CG9480CW3,CPU,HP,,,,Cek,922007322,VEMMY SUSANTI,,,,,,,
8F4PB03,CPU,DELL,,,,Cek,923006267,"OEY, JONATHAN HENGKY SANJAYA",030702,DP BEKASI,,,,,
8F4RB03,CPU,DELL,,,,Cek,918007732,FEBRIKA PUJIASMORO,,,,,,,
8F5RB03,CPU,DELL,,,,Cek,922008176,FERRY EDY PUTRA,,,,,,,
8Y06LP2,Laptop,DELL,,,,Cek,,,030028,WILAYAH BODEBEK,,,,https://drive.google.com/file/d/1OIMq-w2KfkYBXOoIVOk6jpVA39Ny6jNa/view?usp=drive_link,RUSAK DI WILAYAH
90000020047203DE001810,Monitor,ACER,,,,Cek,915004123,FERRYANTO,,,,,,,
933F22S,CPU,DELL,,,,Cek,911001866,DIMAS SEKTY WAHYU NUGROHO,030601,DP BOGOR,,,,,
9DGXDX3,Notebook,DELL,,,,Cek,921000892,ARIF YUNIAR PUJIANTO,,,,,,,ARIF YUNIAR PUJIANTO
9JNNX1S,CPU,DELL,,,,Cek,,,030601,DP BOGOR,,,,,
9KQQ8X1,CPU,DELL,,,,Cek,918009145,AHMAD FAUZAN YONGKEN,,,,,,,
9MQQ8X1,CPU,DELL,,,,Cek,911003507,CHRISTIAN RINO SANYOTO,,,,,,,
9P3VQ02,CPU,DELL,,,,Cek,919003694,ALFIANI NOVA RAHMAWATI,030705,DP CIKARANG,,,,,
9RSM4Q2,Notebook,DELL,,,,Cek,,,030028,WILAYAH BODEBEK,,,,,EXT ANDREAS (RUSAK MATI TOTAL DI WILAYAH)
AA0239420,CCTV,HIKVISION,,,,Cek,,,030705,DP CIKARANG,,,,,
AA9914211,CCTV,HIKVISION,,,,Cek,,,030705,DP CIKARANG,,,,,
AA9914214,CCTV,HIKVISION,,,,Cek,,,030705,DP CIKARANG,,,,,
AA9914223,CCTV,HIKVISION,,,,Cek,,,030705,DP CIKARANG,,,,,
AA9914228,CCTV,HIKVISION,,,,Cek,,,030705,DP CIKARANG,,,,,
AA9914229,CCTV,HIKVISION,,,,Cek,,,030705,DP CIKARANG,,,,,
AA9914232,CCTV,HIKVISION,,,,Cek,,,030705,DP CIKARANG,,,,,
AA9914241,CCTV,HIKVISION,,,,Cek,,,030705,DP CIKARANG,,,,,
AA9914282,CCTV,HIKVISION,,,,Cek,,,030705,DP CIKARANG,,,,,
B12732S,CPU,DELL,,,,Cek,903001918,TRIO JAMZURI,030601,DP BOGOR,,,,,
B5WRF42,CPU,DELL,,,,Cek,922000059,I NYOMAN ADITYA MAHAYASA,030604,DP CILEUNGSI,,,,,ASURANSI
B9WMF42,CPU,DELL,,,,Cek,912003452,CAHYA AMANUGRAH,,,,,,,
BB1922S,CPU,DELL,,,,Cek,923004015,DENNY RIZKY WIJAYANTO,,,,,,,
BCG9480CBP,CPU,HP,,,,Jual,917004033,SEPTIAN WIDODO,,,,,,,SEPTIAN WIDODO
BE9Y058410,Printer,EPSON,,,,Cek,,,,,,,,,
BE9Y236506,Printer,EPSON,,,,Cek,,,,,,,,,
BE9Y237493,Printer,EPSON,,,,Cek,,,,,,,,,
BGP422S,CPU,DELL,,,,Cek,907002009,WISNU JOKO PRIHATIN,,,,,,,
BKT3F02,CPU,DELL,,,,Cek,922008879,IKHWAN BAGUS RASYIDIN,,,,,,,
BKZ822S,CPU,DELL,,,,Cek,910003098,RINA SITORUS,030702,DP BEKASI,,,,,
BQ3VQ02,CPU,DELL,,,,Cek,901000166,DUDI NURADI,,,,,,,
BS3VQ02,CPU,DELL,,,,Cek,922008879,IKHWAN BAGUS RASYIDIN,030601,DP BOGOR,,,,,
BV9003786,Scanner,CipherLab 1500,,Beli,SALDO AWAL,Rusak,,,030028,WILAYAH BODEBEK,,,,,
BV9003792,Scanner,CipherLab 1500,,Beli,SALDO AWAL,Pakai,,,030702,DP BEKASI,,,,,
BV9003796,Scanner,CipherLab 1500,,Beli,SALDO AWAL,Rusak,,,030601,DP BOGOR,,,,,
BV9017228,Scanner,CipherLab 1500,,Beli,SALDO AWAL,Pakai,,,030705,DP CIKARANG,,,,,
BZ8734CK602046,Monitor,SAMSUNG,,,,Cek,,,,,,,,,
BZ8734CKC00219L,TV,SAMSUNG,,,,Jual,918007732,FEBRIKA PUJIASMORO,,,,,,,JUAL
C21422S,CPU,DELL,,,,Cek,900002160,DEDI ASEP JUBAEDI,,DP DEPOK,,,,,
C6SS9S2,Notebook,DELL,,,,Cek,922001963,ELLEN HRD,,,,,,,ELLEN HRD
C8PY006572,Printer,EPSON,,,,Cek,,,,,,,,,
C8PY035968,Printer,EPSON,,,,Cek,,,,,,,,,
C8PY183610,Printer,EPSON,,,,Cek,,,,,,,,,
C8PY184600,Printer,EPSON,,,,Cek,,,,,,,,,
C8PY188115,Printer,EPSON,,,,Cek,,,,,,,,,
C8PY188119,Printer,EPSON,,,,Cek,,,,,,,,,
C98581192,CCTV,,,,,Jual,,,,,,,,,JUAL
CBGXDX3,Laptop,DELL,,,,Cek,,VIRGILIUS KOSMAS DONJA,,,,,,,VIRGILIUS KOSMAS DONJA
CCGXDX3,Notebook,DELL,,,,Cek,,,030028,WILAYAH BODEBEK,,,,,MANUEL (RUSAK DI WILAYAH)
CDGXDX3,Laptop,DELL,,,,Cek,920005952,GERALD YOHANES RAINALDY MARBUN,,,,,,,GERALD YOHANES RAINALDY MARBUN
CGXDX3,Laptop,,,,,,,,,,,,,,RUSAK DI WILAYAH
CK6H52S,CPU,DELL,,,,Cek,914007065,ARMANDO BRILIAN H LUKAR,,,,,,,
CN-0657FN-64180-42H-22PUA00,Monitor,DELL,,,,Cek,913000985,MARGRET DIARA SCHWARZKOPF,,,,,,,
CN04H19R7287227ACKJS,Monitor,DELL,,,,Cek,910004220,MARISA,,,,,,,
CN0657PN41804330EMBA00,Monitor,DELL,,,,Cek,,,,,,,,,
CN0657PN41804330EPBA00,Monitor,DELL,,,,Cek,,,,,,,,,
CN0657PN41804332ADBA00,Monitor,DELL,,,,Cek,,,030702,DP BEKASI,,,,,
CN0657PN41804332AGBA00,Monitor,DELL,,,,Cek,,,,,,,,,
CN0657PN641803A51KMU,Monitor,DELL,,,,Cek,913004651,GORETTY SRIRATNAWATI,,DP KARAWANG,,,,,
CN0657PN6418043302EQBA00,Monitor,DELL,,,,Cek,,,030705,DP CIKARANG,,,,,
CN0657PN641804330EMBA00,Monitor,DELL,,,,Cek,,,030705,DP CIKARANG,,,,,
CN0657PN641804330EPBA00,Monitor,DELL,,,,Cek,,,,,,,,,
CN0657PN641804330EQB,Monitor,,,,,Jual,,,,,,,,,ASURANSI
CN0657PN641804330F5BA00,Monitor,DELL,,,,Cek,,,030601,DP BOGOR,,,,,
CN0657PN641804330XGBA00,Monitor,DELL,,,,Cek,,,030601,DP BOGOR,,,,,
CN0657PN641804332A5BA00,Monitor,DELL,,,,Cek,,,030702,DP BEKASI,,,,,
CN0657PN641804332ADBA00,Monitor,DELL,,,,Cek,,,,,,,,,
CN0657PN641804332AGBA00,Monitor,DELL,,,,Cek,,,,DP DEPOK,,,,,
CN0657PN641804332AJBA00,Monitor,DELL,,,,Cek,,,,,,,,,
CN0657PN641804332B1BA00,Monitor,DELL,,,,Cek,,,030601,DP BOGOR,,,,,
CN0657PN6418044U024B,Monitor,DELL,,,,Cek,,ADM,030705,DP CIKARANG,,,,,
CN0657PN641804853C9B,Monitor,DELL,,,,Cek,,FEA DP KARAWANG,,DP KARAWANG,,,,,
CN0657PN641804853D7B,Monitor,DELL,,,,Cek,913003783,ROBERTUS ANDIKA SEPTIAN,,,,,,,
CN0657PN6418051M2C1I,Monitor,DELL,,,,Cek,,,,,,,,,
CN0657PN6418051M2CHI,Monitor,DELL,,,,Cek,,,,,,,,,
CN0657PN6418051M2CLI,Monitor,DELL,,,,Cek,,,,DP KARAWANG,,,,,
CN0657PN6418051M2CNI,Monitor,DELL,,,,Cek,,,,,,,,,
CN0657PN6418051M2CPI,Monitor,DELL,,,,Cek,,,,DP KARAWANG,,,,,
CN0657PN6418051M2CWI,Monitor,DELL,,,,Cek,,,,,,,,,
CN0657PN6418051M2MHI,Monitor,DELL,,,,Cek,,,030705,DP CIKARANG,,,,,
CN0779TPFCC007AJAEGU,Monitor,DELL,,,,Cek,915004123,FERRYANTO,,DP KARAWANG,,,,,
CN0779TPFCC007AJAFMU,Monitor,DELL,,,,Cek,915004123,FERRYANTO,,,,,,,
CN0779TPFCC007APCMKIA,Monitor,DELL,,,,Cek,915004123,FERRYANTO,030705,DP CIKARANG,,,,,
CN0779TPFCC007APCPCIA,Monitor,DELL,,,,Cek,915004123,FERRYANTO,,,,,,,
CN0779TPFCC007APCPLIA,Monitor,DELL,,,,Cek,915004123,FERRYANTO,,,,,,,
CN0779TPFCC007APCPNIA,Monitor,DELL,,,,Cek,915004123,FERRYANTO,,,,,,,
CN0779TPFCC007APCPTIA,Monitor,DELL,,,,Cek,915004123,FERRYANTO,,,,,,,
CN0779TPFCC007APCPVIA,Monitor,DELL,,,,Cek,915004123,FERRYANTO,,,,,,,
CN0779TPFCC007APCR2IA,Monitor,DELL,,,,Cek,915004123,FERRYANTO,,,,,,,
CN0779TPFCC007APCR5IA,Monitor,DELL,,,,Cek,915004123,FERRYANTO,,,,,,,
CN0779TPFCC007APCR5IA04,Monitor,,,,,Jual,,,,,,,,,JUAL
CN0779TPFCC007APCTHIA,Monitor,DELL,,,,Cek,915004123,FERRYANTO,,,,,,,
CN0779TPFCC007ARAW5,Monitor,DELL,,,,Cek,,,,,,,,,
CN0779TPFCC007ARCDY,Monitor,DELL,,,,Cek,,,,,,,,,
CN0779TPFCC007ARCEM,Monitor,DELL,,,,Cek,,,,,,,,,
CN0779TPFCC007ARCER,Monitor,DELL,,,,Cek,,,,,,,,,
CN0779TPFCC007ARCERIA04,Monitor,,,,,Jual,,,,,,,,,JUAL
CN0779TPFCC007ARCEU,Monitor,DELL,,,,Cek,,,,,,,,,
CN0779TPFCC007ARCF5,Monitor,DELL,,,,Cek,,,,,,,,,
CN0779TPFCC007ARCFC,Monitor,DELL,,,,Cek,,,,,,,,,
CN0779TPFCC007ARCFF,Monitor,DELL,,,,Cek,,,,,,,,,
CN0779TPFCC007ARCFFIA04,Monitor,DELL,,,,Cek,,ADM ROJI DP KARAWANG,,DP KARAWANG,,,,,
CN0779TPFCC007B8D19I,Monitor,DELL,,,,Cek,915004123,FERRYANTO,,DP KARAWANG,,,,,
CN0779TPFCC007B8D1CI,Monitor,DELL,,,,Cek,915004123,FERRYANTO,,,,,,,
CN0779TPFCC007B8D1PI,Monitor,DELL,,,,Cek,915004123,FERRYANTO,,,,,,,
CN0779TPFCC007B8D221,Monitor,DELL,,,,Cek,915004123,FERRYANTO,,,,,,,
CN07C2R4728722BSAREM,Monitor,DELL,,,,Cek,,,,DP CIKARANG PUSAT,,,,,
CN07C2R4728722C1EA5M,Monitor,DELL,,,,Cek,909002164,TRI HANDOYO,030601,DP BOGOR,,,,,
CN07C2R4728722CBA96M,Monitor,DELL,,,,Cek,,,030705,DP CIKARANG,,,,,
CN07C2R4728722CBAFTM,Monitor,DELL,,,,Cek,,,030705,DP CIKARANG,,,,,
CN07C2R4728722CBC00M,Monitor,DELL,,,,Cek,,ADM DP KARAWANG,,DP KARAWANG,,,,,
CN07C2R4728722CCDF4M,Monitor,DELL,,,,Cek,,,030601,DP BOGOR,,,,,
CN07C2R47287233DAF8M,Monitor,DELL,,,,Cek,913000763,ANDY SEPTIANTO,,,,,,,
CN07C2R47287233DAHFM,Monitor,DELL,,,,Cek,913000763,ANDY SEPTIANTO,,,,,,,
CN07C2R47287233IKVMM,Monitor,DELL,,,,Cek,913001527,BAYU HARSONO,,,,,,,
CN07C2R47287233TDWJM,Monitor,DELL,,,,Cek,911001234,HANVANDRI,030702,DP BEKASI,,,,,
CN07C2R47287233VAPNL,Monitor,DELL,,,,Jual,907002009,WISNU JOKO PRIHATIN,,DP CIKARANG PUSAT,,,,,ASURANSI
CN07C2R47287233VATRL,Monitor,DELL,,,,Cek,911003061,RUSLI SYAPRIJAL,,DP DEPOK,,,,,
CN07C2R47287233VATVL,Monitor,DELL,,,,Cek,,,030601,DP BOGOR,,,,,
CN07C2R47287233VC70M,Monitor,DELL,,,,Cek,911001234,HANVANDRI,,DP DEPOK,,,,,
CN07C2R47287233VDDVM,Monitor,DELL,,,,Cek,,,030601,DP BOGOR,,,,,
CN07C2R47287233VDKGL,Monitor,DELL,,,,Cek,912006665,BAYU JULIANTO LAMANI,,,,,,,
CN0G349H6418087B5KFL,Monitor,DELL,,,,Cek,,,030702,DP BEKASI,,,,,
CN0J672H6418004F0APL,Monitor,DELL,,,,Cek,913004010,GASWARI WIBIKSONO,030705,DP CIKARANG,,,,,
CN0J672H6418004Q265L,Monitor,DELL,,,,Cek,,ADM,030705,DP CIKARANG,,,,,
CN0J672H6418095P51UL,Monitor,DELL,,,,Cek,912003452,CAHYA AMANUGRAH,,,,,,,
CN0J672H6418095P51ZL,Monitor,DELL,,,,Cek,912005663,MARSHEILLA,,,,,,,
CN0J672H6418095P520L,Monitor,DELL,,,,Cek,907002009,WISNU JOKO PRIHATIN,,,,,,,
CN0J672H6418095P527L,Monitor,DELL,,,,Cek,913003783,ROBERTUS ANDIKA SEPTIAN,,,,,,,
CN0U417N6418011U0SHS,Monitor,DELL,,,,Cek,913007105,TIKA DESTI WULANDARI,,,,,,,
CN0U417N6418098G099S,Monitor,DELL,,,,Cek,914002203,SANTO YOSUA MANURUNG,,,,,,,
CN0Y0Y76FCC00BAAE4KBA06,Monitor,DELL,,,,Cek,,ADM,030705,DP CIKARANG,,,,,
CN0Y0YJ6FCC008AAE2RB,Monitor,DELL,,,,Cek,909002523,NUGRAHA,030705,DP CIKARANG,,,,,
CN0Y0YJ6FCC008AAE4HB,Monitor,DELL,,,,Cek,918007732,FEBRIKA PUJIASMORO,,,,,,,
CN0Y0YJ6FCC008AAE4HBA06,Monitor,,,,,Jual,,,,,,,,,DP BEKASI
CN0Y0YJ6FCC008AAE4KB,Monitor,DELL,,,,Cek,918007732,FEBRIKA PUJIASMORO,,,,,,,
CN0Y0YJ6FCC008AAE4VB,Monitor,DELL,,,,Cek,917001763,YONATAN TRI OKTAVIANUS,,,,,,,
CN0Y0YJ6FCC008AAE4VBA06,Monitor,,,,,Jual,,,,,,,,,DP BEKASI
CN0Y0YJ6FCC008AAE57B,Monitor,DELL,,,,Cek,914000991,DEDEK RUSADI ARI PUTRA,030702,DP BEKASI,,,,,
CN0Y0YJ6FCC008BNDUHIA07,Monitor,DELL,,,,Cek,918007732,FEBRIKA PUJIASMORO,,,,,,,
CN0Y0YJ6FCC008BNDUKIA07,Monitor,DELL,,,,Cek,917001763,YONATAN TRI OKTAVIANUS,,,,,,,
CN0Y0YJ6FCC0099NDL1DA07,Monitor,DELL,,,,Cek,918007732,FEBRIKA PUJIASMORO,,,,,,,DP BOGOR
CN0Y0YJ6FCC0099NDLDDA07,Monitor,DELL,,,,Cek,918007732,FEBRIKA PUJIASMORO,,,,,,,
CN0Y0YJ6FCC0099NDLHDA07,Monitor,DELL,,,,Cek,918007732,FEBRIKA PUJIASMORO,,,,,,,
CN0Y0YJ6FCC009BNDW0IA07,Monitor,DELL,,,,Cek,918007732,FEBRIKA PUJIASMORO,,,,,,,
CN0YKH877287265RDF2U,Monitor,DELL,,,,Cek,915004123,FERRYANTO,,,,,,,
CN0YKH877287265RDMTUA00,Monitor,,,,,,,,,,,,,,ASURANSI
CN0YKH877287265RDVNU,Monitor,DELL,,,,Cek,915004123,FERRYANTO,,,,,,,
CN0YKH87728726B4H9JB,Monitor,DELL,,,,Cek,,,,,,,,,
CN0YKH87728726BIE24B,Monitor,DELL,,,,Cek,,,,,,,,,
CN0YKH87728726BIE39B,Monitor,DELL,,,,Cek,,,,,,,,,
CNU336BKTS,Notebook,HP,,,,Cek,908001218,TANOYO ANDIKA DHARMA,,,,,,,TANOYO ANDIKA DHARMA
D27173290,CCTV,HIKVISION,,,,Cek,,,,,,,,,
D27173445,CCTV,HIKVISION,,,,Cek,,,,,,,,,
D27173449,CCTV,HIKVISION,,,,Cek,,,,,,,,,
D27173450,CCTV,HIKVISION,,,,Cek,,,,,,,,,
D27173453,CCTV,HIKVISION,,,,Cek,,,,,,,,,
D27173454,CCTV,HIKVISION,,,,Cek,,,,,,,,,
D27173456,CCTV,HIKVISION,,,,Cek,,,,,,,,,
D27173457,CCTV,HIKVISION,,,,Cek,,,,,,,,,
D27173459,CCTV,HIKVISION,,,,Cek,,,,,,,,,
D27173463,CCTV,HIKVISION,,,,Cek,,,,,,,,,
D27173464,CCTV,HIKVISION,,,,Cek,,,,,,,,,
D27173467,CCTV,HIKVISION,,,,Cek,,,,,,,,,
D27174538,CCTV,HIKVISION,,,,Cek,,,,,,,,,
DBGXDX3,Notebook,DELL,,,,Cek,,,030028,WILAYAH BODEBEK,,,,,CLEMENTINE (RUSAK MATI TOTAL DI WILAYAH)
DGC672S,CPU,DELL,,,,Cek,918007732,FEBRIKA PUJIASMORO,,,,,,,
DGPM8X1,CPU,DELL,,,,Cek,921008369,YOGA ROHMAT SETIYAWAN,,DP KARAWANG,,,,,
DMY03000001,Tablet,Galaxy XCover 4 SM-G390Y,,Beli,POMANUALBE,Pakai,,BGRBE-SO,030601,DP BOGOR,,,30028000001,,
DMY03000002,Tablet,Galaxy XCover 4 SM-G390Y,,Beli,POMANUALBE,Pakai,,BGRBE-OM,030601,DP BOGOR,,,30028000002,,
DMY03000003,Tablet,Galaxy XCover 4 SM-G390Y,,Beli,POMANUALBE,Pakai,,BGRBE-FM,030601,DP BOGOR,,,30028000003,,
DMY03000004,Tablet,Galaxy XCover 4 SM-G390Y,,Beli,POMANUALBE,Pakai,,BGRBE-AR,030601,DP BOGOR,,,30028000004,,
DMY03000005,Tablet,Galaxy XCover 4 SM-G390Y,,Beli,POMANUALBE,Pakai,,BGRBE-FEA,030601,DP BOGOR,,,30028000005,,
DMY03000006,Tablet,Galaxy XCover 4 SM-G390Y,,Beli,POMANUALBE,Pakai,,DPKBE-SO,030610,DP DEPOK,,,30028000006,,
DMY03000007,Tablet,Galaxy XCover 4 SM-G390Y,,Beli,POMANUALBE,Pakai,,DPKBE-OM,030610,DP DEPOK,,,30028000007,,
DMY03000008,Tablet,Galaxy XCover 4 SM-G390Y,,Beli,POMANUALBE,Pakai,,DPKBE-FM,030610,DP DEPOK,,,30028000008,,
DMY03000009,Tablet,Galaxy XCover 4 SM-G390Y,,Beli,POMANUALBE,Pakai,,DPKBE-AR,030610,DP DEPOK,,,30028000009,,
DMY03000010,Tablet,Galaxy XCover 4 SM-G390Y,,Beli,POMANUALBE,Pakai,,DPKBE-FEA,030610,DP DEPOK,,,30028000010,,
DMY03000011,Tablet,Galaxy XCover 4 SM-G390Y,,Beli,POMANUALBE,Pakai,,CMPBE-SO,030603,DP CIAMPEA,,,30028000011,,
DMY03000012,Tablet,Galaxy XCover 4 SM-G390Y,,Beli,POMANUALBE,Pakai,,CMPBE-OM,030603,DP CIAMPEA,,,30028000012,,
DMY03000013,Tablet,Galaxy XCover 4 SM-G390Y,,Beli,POMANUALBE,Pakai,,CMPBE-FM,030603,DP CIAMPEA,,,30028000013,,
DMY03000014,Tablet,Galaxy XCover 4 SM-G390Y,,Beli,POMANUALBE,Pakai,,CMPBE-AR,030603,DP CIAMPEA,,,30028000014,,
DMY03000015,Tablet,Galaxy XCover 4 SM-G390Y,,Beli,POMANUALBE,Pakai,,CMPBE-FEA,030603,DP CIAMPEA,,,30028000015,,
DMY03000016,Tablet,Galaxy XCover 4 SM-G390Y,,Beli,POMANUALBE,Pakai,,CLGBE-SO,030604,DP CILEUNGSI,,,30028000016,,
DMY03000017,Tablet,Galaxy XCover 4 SM-G390Y,,Beli,POMANUALBE,Pakai,,CLGBE-OM,030604,DP CILEUNGSI,,,30028000017,,
DMY03000018,Tablet,Galaxy XCover 4 SM-G390Y,,Beli,POMANUALBE,Pakai,,CLGBE-FM,030604,DP CILEUNGSI,,,30028000018,,
DMY03000019,Tablet,Galaxy XCover 4 SM-G390Y,,Beli,POMANUALBE,Pakai,,CLGBE-AR,030604,DP CILEUNGSI,,,30028000019,,
DMY03000020,Tablet,Galaxy XCover 4 SM-G390Y,,Beli,POMANUALBE,Pakai,,CLGBE-FEA,030604,DP CILEUNGSI,,,30028000020,,
DMY03000021,Tablet,Galaxy XCover 4 SM-G390Y,,Beli,POMANUALBE,Pakai,,BKSBE-SO,030702,DP BEKASI,,,30028000021,,
DMY03000022,Tablet,Galaxy XCover 4 SM-G390Y,,Beli,POMANUALBE,Pakai,,BKSBE-OM,030702,DP BEKASI,,,30028000022,,
DMY03000023,Tablet,Galaxy XCover 4 SM-G390Y,,Beli,POMANUALBE,Pakai,,BKSBE-FM,030702,DP BEKASI,,,30028000023,,
DMY03000024,Tablet,Galaxy XCover 4 SM-G390Y,,Beli,POMANUALBE,Pakai,,BKSBE-AR,030702,DP BEKASI,,,30028000024,,
DMY03000025,Tablet,Galaxy XCover 4 SM-G390Y,,Beli,POMANUALBE,Pakai,,,030702,DP BEKASI,,,30028000025,,
DMY03000026,Tablet,Galaxy XCover 4 SM-G390Y,,Beli,POMANUALBE,Pakai,,CKRBE-SO,030705,DP CIKARANG,,,30028000026,,
DMY03000027,Tablet,Galaxy XCover 4 SM-G390Y,,Beli,POMANUALBE,Pakai,,CKRBE-OM,030705,DP CIKARANG,,,30028000027,,
DMY03000028,Tablet,Galaxy XCover 4 SM-G390Y,,Beli,POMANUALBE,Pakai,,CKRBE-FM,030705,DP CIKARANG,,,30028000028,,
DMY03000029,Tablet,Galaxy XCover 4 SM-G390Y,,Beli,POMANUALBE,Pakai,,CKRBE-AR,030705,DP CIKARANG,,,30028000029,,
DMY03000030,Tablet,Galaxy XCover 4 SM-G390Y,,Beli,POMANUALBE,Pakai,,CKRBE-FEA,030705,DP CIKARANG,,,30028000030,,
DMY03000031,Tablet,Galaxy XCover 4 SM-G390Y,,Beli,POMANUALBE,Pakai,918383758,KRWBE-SO,030722,DP KARAWANG,039285,08293859291,30028000031,,
DMY03000032,Tablet,Galaxy XCover 4 SM-G390Y,,Beli,POMANUALBE,Pakai,,KRWBE-OM,030722,DP KARAWANG,,,30028000032,,
DMY03000033,Tablet,Galaxy XCover 4 SM-G390Y,,Beli,POMANUALBE,Pakai,,KRWBE-FM,030722,DP KARAWANG,,,30028000033,,
DMY03000034,Tablet,Galaxy XCover 4 SM-G390Y,,Beli,POMANUALBE,Pakai,,KRWBE-AR,030722,DP KARAWANG,,,30028000034,,
DMY03000035,Tablet,Galaxy XCover 4 SM-G390Y,,Beli,POMANUALBE,Pakai,,KRWBE-FEA,030722,DP KARAWANG,,,30028000035,,
DWGXDX3,Laptop,DELL,,,,Cek,,,030028,WILAYAH BODEBEK,,,,,RUSAK DI WILAYAH
E9FCNW1,CPU,DELL,,,,Cek,,,,,,,,,
ES5010200123100101ED00,Monitor,ACER,,,,Cek,,,030601,DP BOGOR,,,,,
ES5010200123100113ED00,Monitor,ACER,,,,Cek,,,030702,DP BEKASI,,,,,
ES5010200130800090ED01,Monitor,ACER,,,,Cek,,,,DP DEPOK,,,,,
ESC020800342700107PK01,Monitor,ACER,,,,Cek,,,030705,DP CIKARANG,,,,,
F6R6RD11A2801245,Tablet,Huawei Mediapad,,Beli,RPC140124,Jual,,,030028,WILAYAH BODEBEK,,,,,
F6R6RD11B1001400,Tablet,Huawei Mediapad,,Beli,RPC140116,Jual,,,030028,WILAYAH BODEBEK,,,,,
F6R6RD1220602637,Tablet,Huawei Mediapad,,Beli,TAHAP 2,Jual,,,030028,WILAYAH BODEBEK,,,,,
F6R6RD1220602701,Tablet,Huawei Mediapad,,Beli,TAHAP 2,Jual,,,030028,WILAYAH BODEBEK,,,,,
F6R6RD1220602797,Tablet,Huawei Mediapad,,Beli,TAHAP 2,Jual,,,030028,WILAYAH BODEBEK,,,,,
F6R6RD1220602847,Tablet,Huawei Mediapad,,Beli,TAHAP 2,Jual,,,030028,WILAYAH BODEBEK,,,,,
F6R6RD1220602942,Tablet,Huawei Mediapad,,Beli,TAHAP 2,Jual,,,030028,WILAYAH BODEBEK,,,,,
F6R6RD1220602943,Tablet,Huawei Mediapad,,Beli,TAHAP 2,Jual,,,030028,WILAYAH BODEBEK,,,,,
F6R6RD1220602945,Tablet,Huawei Mediapad,,Beli,TAHAP 2,Jual,,,030028,WILAYAH BODEBEK,,,,,
F6R6RD1220602992,Tablet,Huawei Mediapad,,Beli,TAHAP 2,Jual,,,030028,WILAYAH BODEBEK,,,,,
F6R6RD1220603040,Tablet,Huawei Mediapad,,Beli,TAHAP 2,Jual,,,030028,WILAYAH BODEBEK,,,,,
F6R6RD1220603051,Tablet,Huawei Mediapad,,Beli,TAHAP 2,Jual,,,030028,WILAYAH BODEBEK,,,,,
F6R6RD1220603073,Tablet,Huawei Mediapad,,Beli,TAHAP 2,Jual,,,030028,WILAYAH BODEBEK,,,,,
F6R6RD1220603132,Tablet,Huawei Mediapad,,Beli,TAHAP 2,Jual,,,030028,WILAYAH BODEBEK,,,,,
F6R6RD1220603146,Tablet,Huawei Mediapad,,Beli,TAHAP 2,Jual,,,030028,WILAYAH BODEBEK,,,,,
F6R6RD1220603205,Tablet,Huawei Mediapad,,Beli,TAHAP 2,Jual,,,030028,WILAYAH BODEBEK,,,,,
F6R6RD1220603209,Tablet,Huawei Mediapad,,Beli,TAHAP 2,Jual,,,030028,WILAYAH BODEBEK,,,,,
F6R6RD1220603233,Tablet,Huawei Mediapad,,Beli,TAHAP 2,Jual,,,030028,WILAYAH BODEBEK,,,,,
F6R6RD1220603256,Tablet,Huawei Mediapad,,Beli,TAHAP 2,Jual,,,030028,WILAYAH BODEBEK,,,,,
F6R6RD1220603299,Tablet,Huawei Mediapad,,Beli,TAHAP 2,Jual,,,030028,WILAYAH BODEBEK,,,,,
F6R6RD1220603305,Tablet,Huawei Mediapad,,Beli,TAHAP 2,Jual,,,030028,WILAYAH BODEBEK,,,,,
F6R6RD1220603341,Tablet,Huawei Mediapad,,Beli,TAHAP 2,Jual,,,030028,WILAYAH BODEBEK,,,,,
F6R6RD1220603357,Tablet,Huawei Mediapad,,Beli,TAHAP 2,Jual,,,030028,WILAYAH BODEBEK,,,,,
F6R6RD1220603498,Tablet,Huawei Mediapad,,Beli,TAHAP 2,Jual,,,030028,WILAYAH BODEBEK,,,,,
F6R6RD1220603564,Tablet,Huawei Mediapad,,Beli,TAHAP 2,Jual,,,030028,WILAYAH BODEBEK,,,,,
F6R6RD1220603569,Tablet,Huawei Mediapad,,Beli,TAHAP 2,Jual,,,030028,WILAYAH BODEBEK,,,,,
F6R6RD1220603573,Tablet,Huawei Mediapad,,Beli,TAHAP 2,Jual,,,030028,WILAYAH BODEBEK,,,,,
F6R6RD1220603586,Tablet,Huawei Mediapad,,Beli,TAHAP 2,Jual,,,030028,WILAYAH BODEBEK,,,,,
F6R6RD92A0501254,Tablet,Huawei Mediapad,,Ganti rusak,RPC131009,Jual,,,030028,WILAYAH BODEBEK,,,,,
F74330151,CCTV,HIKVISION,,,,Cek,,,,,,,,,
F9FCNW1,CPU,DELL,,,,Cek,917001100,MERDEKA SETYA ADI WIJAYA,,,,,,,
FG2830330,CCTV,HIKVISION,,,,Cek,,,,DP CIAMPEA,,,,,
FG2830331,CCTV,HIKVISION,,,,Cek,,,,DP CIAMPEA,,,,,
FG2830335,CCTV,HIKVISION,,,,Cek,,,,DP CIAMPEA,,,,,
FG2830427,CCTV,HIKVISION,,,,Cek,,,,DP CIAMPEA,,,,,
FG4725309,CCTV,HIKVISION,,,,Cek,,,,DP CIAMPEA,,,,,
FG4725374,CCTV,HIKVISION,,,,Cek,,,,DP CIAMPEA,,,,,
FG4725638,CCTV,HIKVISION,,,,Cek,,,,DP KARAWANG,,,,,
FG4725645,CCTV,HIKVISION,,,,Cek,,,,DP KARAWANG,,,,,
FKZ822S,CPU,DELL,,,,Cek,,,,POS KRANJI,,,,,
FP3VQ02,CPU,DELL,,,,Cek,915004299,FAHMI HUSAINI,,,,,,,
FR3VQ02,CPU,DELL,,,,Cek,924004023,DINAR SUHERLAN,,,,,,,
FS8176937,CCTV,HIKVISION,,,,Cek,,,030604,DP CILEUNGSI,,,,,
FS8176942,CCTV,HIKVISION,,,,Cek,,,030604,DP CILEUNGSI,,,,,
FS8176943,CCTV,HIKVISION,,,,Cek,,,030604,DP CILEUNGSI,,,,,
FS8176950,CCTV,HIKVISION,,,,Cek,,,030604,DP CILEUNGSI,,,,,
FS8176984,CCTV,HIKVISION,,,,Cek,,,030604,DP CILEUNGSI,,,,,
FS8176985,CCTV,HIKVISION,,,,Cek,,,030604,DP CILEUNGSI,,,,,
FS8176987,CCTV,HIKVISION,,,,Cek,,,030604,DP CILEUNGSI,,,,,
FS8176989,CCTV,HIKVISION,,,,Cek,,,030604,DP CILEUNGSI,,,,,
FT35CD2,CPU,DELL,,,,Cek,918005714,MAY AFNY PRADESI,,,,,,,
FT4ZBD2,CPU,DELL,,,,Cek,918009590,DIDIT EKO PRABOWO,,,,,,,
FT8215457,CCTV,HIKVISION,,,,Cek,,,,DP DEPOK,,,,,
FT8215460,CCTV,HIKVISION,,,,Cek,,,,DP DEPOK,,,,,
FT8215465,CCTV,HIKVISION,,,,Cek,,,,DP DEPOK,,,,,
FT8215470,CCTV,HIKVISION,,,,Cek,,,,DP DEPOK,,,,,
FT8217000,CCTV,HIKVISION,,,,Cek,,,,DP KARAWANG,,,,,
FYZ322S,CPU,DELL,,,,Cek,923006267,"OEY, JONATHAN HENGKY SANJAYA",030705,DP CIKARANG,,,,,
G12A04377,Scanner,Datalogic QW2100,,Beli,SALDO AWAL,Cadangan,,,030028,WILAYAH BODEBEK,,,,,
G12A04502,Scanner,Datalogic QW2100,,Beli,SALDO AWAL,Pakai,,,030601,DP BOGOR,,,,,
G12A04530,Scanner,Datalogic QW2100,,Beli,SALDO AWAL,Pakai,,,030722,DP KARAWANG,,,,,
G12M36471,Scanner,Datalogic QW2100,,Beli,PO130719,Pakai,,,030702,DP BEKASI,,,,,
G12M36481,Barcode Scanner,Datalogic QW2100,,Beli,SALDO AWAL,Jual,,,030601,DP BOGOR,,,,,JUAL
G23H27204,Scanner,,,,,Cek,,,,,,,,,
G23H27224,Scanner,,,,,Cek,,,,,,,,,
G23H27227,Scanner,,,,,Cek,,,,,,,,,
G23H27231,Scanner,,,,,Cek,,,,,,,,,
G23H27239,Scanner,,,,,Cek,,,,,,,,,
G23H27323,Scanner,,,,,Cek,,,,,,,,,
G23H27328,Scanner,,,,,Cek,,,,,,,,,
G23H27331,Scanner,,,,,Cek,,,,,,,,,
G23H27402,Scanner,,,,,Cek,,,,,,,,,
G23H27417,Scanner,,,,,Cek,,,,,,,,,
G23H27419,Scanner,,,,,Cek,,,,,,,,,
G23H27422,Scanner,,,,,Cek,,,,,,,,,
G23H27458,Scanner,,,,,Cek,,,,,,,,,
G23H27487,Scanner,,,,,Cek,,,,,,,,,
G23H27705,Scanner,,,,,Cek,,,,,,,,,
G6AY949000SF,CPU,INTEL,,,,Cek,918007732,FEBRIKA PUJIASMORO,,,,,,,
G6BN82100HC8,CPU,INTEL,,,,Cek,915002607,HENGKY WIJAYA CAHYADI,,,,,,,
G6BN930003SX,CPU,INTEL,,,,Cek,918007732,FEBRIKA PUJIASMORO,,,,,,,
G6GY544001AP,CPU,INTEL,,,,Cek,,,,,,,,,
G6GY544001AX,CPU,INTEL,,,,Cek,,,,,,,,,
G6GY544001B9,CPU,INTEL,,,,Cek,,,,,,,,,
G6GY544001K9,Mini PC,INTEL,,,,Jual,918007732,FEBRIKA PUJIASMORO,,,,,,,JUAL
G6JY039004KB,CPU,INTEL,,,,Cek,918007732,FEBRIKA PUJIASMORO,,,,,,,
G6JY043005AU,CPU,INTEL,,,,Cek,918007732,FEBRIKA PUJIASMORO,,,,,,,
G6JY043005WC,CPU,INTEL,,,,Cek,918007732,FEBRIKA PUJIASMORO,,,,,,,
G6PA24200DB0,CPU,INTEL,,,,Cek,918007732,FEBRIKA PUJIASMORO,030705,DP CIKARANG,,,,,
G6RY7360036F,CPU,INTEL,,,,Cek,918007732,FEBRIKA PUJIASMORO,030702,DP BEKASI,,,,,
G6RY7360037F,CPU,INTEL,,,,Cek,918007732,FEBRIKA PUJIASMORO,030702,DP BEKASI,,,,,
G6RY736003B1,CPU,INTEL,,,,Cek,918007732,FEBRIKA PUJIASMORO,030702,DP BEKASI,,,,,
G6RY736003BV,CPU,INTEL,,,,Cek,918007732,FEBRIKA PUJIASMORO,030702,DP BEKASI,,,,,
G7WNF42,CPU,DELL,,,,Cek,924001807,RAHMAT ARI SAPUTRA,,,,,,,
G92798816,CCTV,HIKVISION,,,,Cek,,,,,,,,,
G92798881,CCTV,HIKVISION,,,,Cek,,,,,,,,,
G92798891,CCTV,HIKVISION,,,,Cek,,,,,,,,,
G92800295,CCTV,HIKVISION,,,,Cek,,,,,,,,,
G92800299,CCTV,HIKVISION,,,,Cek,,,,,,,,,
G9WNF42,CPU,DELL,,,,Cek,903001918,TRIO JAMZURI,,,,,,,
GFV8BS2,CPU,,,,,,,,,,,,,,DP BEKASI
GFZBBS2,CPU,DELL,,,,Cek,903001910,FITRI YULIANTI,,,,,,,
GG2CBS2,CPU,DELL,,,,Cek,918007732,FEBRIKA PUJIASMORO,,,,,,,
GG7BBS2,CPU,,,,,,,,,,,,,,DP BEKASI
GG8CBS2,CPU,DELL,,,,Cek,922001969,BAGUS ALFIANTO NUGROHO,,,,,,,
GHXD82S,CPU,DELL,,,,Cek,917003066,LIZA RACHMALIA,,DP KARAWANG,,,,,
GMPM8X1,CPU,DELL,,,,Cek,924005192,EFA FIANA,030705,DP CIKARANG,,,,,
GR556Z1,CPU,DELL,,,,Cek,912002210,DWI DJAYANTI,,,,,,,
GTZ322S,CPU,DELL,,,,Cek,911001866,DIMAS SEKTY WAHYU NUGROHO,030601,DP BOGOR,,,,,
H698ZM2,Notebook,DELL,,,,Cek,,,030028,WILAYAH BODEBEK,,,,,EXT FERDY (RUSAK MICROPHONE DI WILAYAH)
H9KGNW1,CPU,DELL,,,,Cek,913001527,BAYU HARSONO,,,,,,,
HBY4CD2,CPU,,,,,Cek,,,,DP KARAWANG,,,,,
HG3VQ02,CPU,DELL,,,,Cek,918003654,IVAN FADHILA,,,,,,,ASURANSI
HGP4229,CPU,DELL,,,,Cek,,,,,,,,,
HJ3VQ02,CPU,DELL,,,,Cek,922008879,IKHWAN BAGUS RASYIDIN,,DP DEPOK,,,,,
HJZN7T2,Notebook,DELL,,,,Cek,,,030028,WILAYAH BODEBEK,,,,,ARGA EKA PUTRA NUGROHO (RUSAK MATI TOTAL DI WILAYAH)
HPP522S,CPU,DELL,,,,Cek,995000378,SUKARDI,030601,DP BOGOR,,,,,
HR3VQ02,CPU,DELL,,,,Cek,910002961,YULIANIH,,,,,,,
J81922S,CPU,DELL,,,,Cek,912003452,CAHYA AMANUGRAH,,,,,,,
JHXD82S,CPU,DELL,,,,Cek,919000996,KAMELIA SINAGA,,DP KARAWANG,,,,,
JJ44HD2,CPU,DELL,,,,Cek,921005749,VINCENTIA ELLEONORA PUTRI,,,,,,,
JJ45HD2,CPU,DELL,,,,Cek,924002702,VENY PUTRIARA,030601,DP BOGOR,,,,,
JJ4B0J2,CPU,DELL,,,,Cek,918007546,ALVERNIA,,,,,,,
JJ4BYC2,CPU,DELL,,,,Cek,909000517,JENNY,,,,,,,
JJ4H862,CPU,DELL,,,,Cek,915004123,FERRYANTO,,,,,,,
JJ4JS62,CPU,DELL,,,,Cek,903001918,TRIO JAMZURI,,,,,,,ASURANSI
JJ4KH62,CPU,DELL,,,,Cek,921008369,YOGA ROHMAT SETIYAWAN,,DP KARAWANG,,,,,
JJ4Q9M2,CPU,DELL,,,,Cek,922000059,I NYOMAN ADITYA MAHAYASA,,,,,,,
JJ50V72,CPU,DELL,,,,Cek,922000059,I NYOMAN ADITYA MAHAYASA,,,,,,,
JJ540J2,CPU,DELL,,,,Jual,903001918,TRIO JAMZURI,,,,,,,ASURANSI
JJ551H2,CPU,DELL,,,,Cek,921005385,INDRA MULYANA,,,,,,,
JJ56V72,CPU,DELL,,,,Cek,918006729,ADE HIDAYAT,030705,DP CIKARANG,,,,,
JJ57H82,CPU,DELL,,,,Cek,915001313,KHOER GUNAWAN,,DP KARAWANG,,,,,
JJ5N7C2,CPU,DELL,,,,Cek,922000059,I NYOMAN ADITYA MAHAYASA,,,,,,,
JJ5PRK2,CPU,DELL,,,,Cek,903001918,TRIO JAMZURI,030601,DP BOGOR,,,,,
JJ5WZL2,CPU,DELL,,,,Cek,922000059,I NYOMAN ADITYA MAHAYASA,030604,DP CILEUNGSI,,,,,ASURANSI
JJXD82S,CPU,DELL,,,,Cek,910003098,RINA SITORUS,030702,DP BEKASI,,,,,
JRP7241200010,Fingerprint,INTERAKTIVE,,,,Cek,,,030702,DP BEKASI,,,,,
JRP7241200011,Fingerprint,INTERAKTIVE,,,,Cek,,,,,,,,,CADANGAN
JRP7241200012,Fingerprint,INTERAKTIVE,,,,Cek,,,030601,DP BOGOR,,,,,
JRP7241200013,Fingerprint,INTERAKTIVE,,,,Cek,,,030705,DP CIKARANG,,,,,
JRP7241200014,Fingerprint,INTERAKTIVE,,,,Cek,,,,KARAWANG,,,,,
JRP7241200015,Fingerprint,INTERAKTIVE,,,,Cek,,,,DP DEPOK,,,,,
JRP7241200157,Fingerprint,INTERAKTIVE,,,,Cek,,,,,,,,,RUSAK PETIR
JRP7242900081,Fingerprint,INTERAKTIVE,,,,Cek,,,030604,DP CILEUNGSI,,,,,
JRP7242900550,Fingerprint,INTERAKTIVE,,,,Cek,,,,,,,,,CADANGAN
JSX83L2,Notebook,DELL,,,,Cek,,,030028,WILAYAH BODEBEK,,,,,ASMADI (DI WILAYAH RUSAK MATI TOTAL)
JYD9G2S,CPU,DELL,,,,Cek,921008369,YOGA ROHMAT SETIYAWAN,030705,DP CIKARANG,,,,,
K08913396,CCTV,HIKVISION,,,,Cek,,,030705,DP CIKARANG,,,,,
LXTK50Z0497481A8DD2000,Notebook,ACER,,,,Cek,,,030028,WILAYAH BODEBEK,,,,,RUSAK MATI TOTAL DI WILAYAH
LXTVQ0C0871030D13D2000,Notebook,ACER,,,,Cek,,,030028,WILAYAH BODEBEK,,,,,RUSAK MATI TOTAL DI WILAYAH
LXV4201017147131132000,Notebook,ACER,,,,Cek,,,030028,WILAYAH BODEBEK,,,,,RUSAK MATI TOTAL DI WILAYAH
MK4Y005957,Printer,EPSON,,,,Cek,,,,,,,,,
MK4Y006531,Printer,EPSON,,,,Cek,,,,,,,,,
MK4Y007453,Printer,EPSON,,,,Cek,,,,,,,,,
MK4Y008391,Printer,EPSON,,,,Cek,,,,,,,,,
MK4Y072244,Printer,EPSON,,,,Cek,,,,,,,,,
MK4Y072286,Printer,EPSON,,,,Cek,,,,,,,,,
MK4Y072290,Printer,EPSON,,,,Cek,,,,,,,,,
MK4Y080228,Printer,EPSON,,,,Cek,,,,,,,,,
MK4Y095270,Printer,EPSON,,,,Cek,,,,,,,,,
MOT03010019,Tablet,Samsung Galaxy A04,,Beli,DUMMYMTRORIS,Pakai,,BGR-JAENAL MUTAQIN,030601,DP BOGOR,,,1000103010019,,
MOT03010020,Tablet,Samsung Galaxy A04,,Beli,DUMMYMTRORIS,Pakai,,BGR-SYAHRIL SIDIK,030601,DP BOGOR,,,1000103010020,,
MOT03010021,Tablet,Samsung Galaxy A04,,Beli,DUMMYMTRORIS,Pakai,,BGR-TITO GINAWAN,030601,DP BOGOR,,,1000103010021,,
MOT03010022,Tablet,Samsung Galaxy A04,,Beli,DUMMYMTRORIS,Pakai,,BGR-ERWIN ARDIANSYAH,030601,DP BOGOR,,,1000103010022,,
MOT03010023,Tablet,Samsung Galaxy A04,,Beli,DUMMYMTRORIS,Pakai,,,030601,DP BOGOR,,,1000103010023,,
MOT03010024,Tablet,Samsung Galaxy A04,,Beli,DUMMYMTRORIS,Pakai,,BGR-MOTORIS AB2,030601,DP BOGOR,,,1000103010024,,
MOT03010025,Tablet,Samsung Galaxy A04,,Beli,DUMMYMTRORIS,Pakai,,BGR-MOTORIS AB2,030601,DP BOGOR,,,1000103010025,,
MOT03010026,Tablet,Samsung Galaxy A04,,Beli,DUMMYMTRORIS,Pakai,,BGR-MOTORIS AB2,030601,DP BOGOR,,,1000103010026,,
MOT03010027,Tablet,Samsung Galaxy A04,,Beli,DUMMYMTRORIS,Pakai,,BGR-MOTORIS AB2,030601,DP BOGOR,,,1000103010027,,
MOT03010028,Tablet,Samsung Galaxy A04,,Beli,DUMMYMTRORIS,Pakai,,BGRAC4-DA CADANGAN AB4,030601,DP BOGOR,,,1000103010028,,
MOT03010041,Tablet,Samsung Galaxy A04,,Beli,DUMMYMOTORIS,Pakai,,BGRAC2-DA CADANGAN AB23,030601,DP BOGOR,,,0306010041,,
MOT03010042,Tablet,Samsung Galaxy A04,,Beli,DUMMYMOTORIS,Pakai,,BGRAC2-DA CADANGAN AB4,030601,DP BOGOR,,,0306010042,,
MOT03010043,Tablet,Samsung Galaxy A04,,Beli,DUMMYMOTORIS,Pakai,,BGR-MOTORIS AB2,030601,DP BOGOR,,,0306010043,,
MOT03010044,Tablet,Samsung Galaxy A04,,Beli,DUMMYMOTORIS,Cadangan,,,030601,DP BOGOR,,,0306010044,,
MOT03010045,Tablet,Samsung Galaxy A04,,Beli,DUMMYMOTORIS,Cadangan,,,030601,DP BOGOR,,,0306010045,,
MOT03010046,Tablet,Samsung Galaxy A04,,Beli,DUMMYMOTORIS,Cadangan,,,030601,DP BOGOR,,,0306010046,,
MOT03010047,Tablet,Samsung Galaxy A04,,Beli,DUMMYMOTORIS,Cadangan,,,030601,DP BOGOR,,,0306010047,,
MOT03010048,Tablet,Samsung Galaxy A04,,Beli,DUMMYMOTORIS,Cadangan,,,030601,DP BOGOR,,,0306010048,,
MOT03010049,Tablet,Samsung Galaxy A04,,Beli,DUMMYMOTORIS,Cadangan,,,030601,DP BOGOR,,,0306010049,,
MOT03010050,Tablet,Samsung Galaxy A04,,Beli,DUMMYMOTORIS,Cadangan,,,030601,DP BOGOR,,,0306010050,,
MOT03020001,Tablet,Samsung Galaxy A04,,Beli,DUMMYMTRORIS,Pakai,,BKS-RIDWAN,030702,DP BEKASI,,,1000103020001,,
MOT03020002,Tablet,Samsung Galaxy A04,,Beli,DUMMYMTRORIS,Pakai,,BKS-RISMA SUKMANA,030702,DP BEKASI,,,1000103020002,,
MOT03020003,Tablet,Samsung Galaxy A04,,Beli,DUMMYMTRORIS,Pakai,,BKS-ASEP SOMANTRI,030702,DP BEKASI,,,1000103020003,,
MOT03020004,Tablet,Samsung Galaxy A04,,Beli,DUMMYMTRORIS,Pakai,,BKS-MUHAMNAD RIZKY RAMADHAN,030702,DP BEKASI,,,1000103020004,,
MOT03020005,Tablet,Samsung Galaxy A04,,Beli,DUMMYMTRORIS,Pakai,,BKS-ISWAHYUDI,030702,DP BEKASI,,,1000103020005,,
MOT03020006,Tablet,Samsung Galaxy A04,,Beli,DUMMYMTRORIS,Pakai,,BKSHTF-MR X,030702,DP BEKASI,,,1000103020006,,
MOT03020007,Tablet,Samsung Galaxy A04,,Beli,DUMMYMTRORIS,Pakai,,BKSHTF-MR X,030702,DP BEKASI,,,1000103020007,,
MOT03020008,Tablet,Samsung Galaxy A04,,Beli,DUMMYMTRORIS,Pakai,,BKSHTF-MR X,030702,DP BEKASI,,,1000103020008,,
MOT03020009,Tablet,Samsung Galaxy A04,,Beli,DUMMYMTRORIS,Pakai,,BKSHTF-IDRIS MAULANA,030702,DP BEKASI,,,1000103020009,,
MOT03020010,Tablet,Samsung Galaxy A04,,Beli,DUMMYMTRORIS,Pakai,,BKS-MUHAMAD ALIF HARYADI,030702,DP BEKASI,,,1000103020010,,
MOT03020031,Tablet,Samsung Galaxy A04,,Beli,DUMMYMOTORIS,Pakai,,BKS-TINTON S,030702,DP BEKASI,,,0307020031,,
MOT03020032,Tablet,Samsung Galaxy A04,,Beli,DUMMYMOTORIS,Pakai,,BKS-MR X,030702,DP BEKASI,,,0307020032,,
MOT03020033,Tablet,Samsung Galaxy A04,,Beli,DUMMYMOTORIS,Pakai,,BKSGMS-DA GM 1,030702,DP BEKASI,,,0307020033,,
MOT03020034,Tablet,Samsung Galaxy A04,,Beli,DUMMYMOTORIS,Pakai,,BKSGMS-DA GM 2,030702,DP BEKASI,,,0307020034,,
MOT03020035,Tablet,Samsung Galaxy A04,,Beli,DUMMYMOTORIS,Pakai,,BKS-ICHA MAULINA,030702,DP BEKASI,,,0307020035,,
MOT03020036,Tablet,Samsung Galaxy A04,,Beli,DUMMYMOTORIS,Pakai,,BKS-SUSYANTO,030702,DP BEKASI,,,0307020036,,
MOT03020037,Tablet,Samsung Galaxy A04,,Beli,DUMMYMOTORIS,Pakai,,BKS-M BAYU RIZKY P,030702,DP BEKASI,,,0307020037,,
MOT03020038,Tablet,Samsung Galaxy A04,,Beli,DUMMYMOTORIS,Pakai,,BKSAB3-MR X,030702,DP BEKASI,,,0307020038,,
MOT03020039,Tablet,Samsung Galaxy A04,,Beli,DUMMYMOTORIS,Pakai,,BKS-GUNAWAN F,030702,DP BEKASI,,,0307020039,,
MOT03020040,Tablet,Samsung Galaxy A04,,Beli,DUMMYMOTORIS,Pakai,,BKSBDX- JAYADI,030702,DP BEKASI,,,0307020040,,
MOT03020041,Tablet,Samsung Galaxy A04,,Beli,DUMMYMOTORIS,Pakai,,BKS-MOTORIS AB2,030702,DP BEKASI,,,0306020041,,
MOT03020042,Tablet,Samsung Galaxy A04,,Beli,DUMMYMOTORIS,Pakai,,BKS-MOTORIS AB2,030702,DP BEKASI,,,0306020042,,
MOT03020043,Tablet,Samsung Galaxy A04,,Beli,DUMMYMOTORIS,Pakai,,BKSAC4-DA CADANGAN AB4,030702,DP BEKASI,,,0306020043,,
MOT03020044,Tablet,Samsung Galaxy A04,,Beli,DUMMYMOTORIS,Pakai,,BKSAC2-DA CADANGAN AB23,030702,DP BEKASI,,,0306020044,,
MOT03020045,Tablet,Samsung Galaxy A04,,Beli,DUMMYMOTORIS,Pakai,,BKSAC2-DA CADANGAN AB4,030702,DP BEKASI,,,0306020045,,
MOT03020046,Tablet,Samsung Galaxy A04,,Beli,DUMMYMOTORIS,Pakai,,BGR- MOTORIS TGA,030702,DP BEKASI,,,0306020046,,
MOT03020047,Tablet,Samsung Galaxy A04,,Beli,DUMMYMOTORIS,Pakai,,BKSBG7-PURNAMA,030702,DP BEKASI,,,0306020047,,
MOT03020048,Tablet,Samsung Galaxy A04,,Beli,DUMMYMOTORIS,Pakai,,BKS-MOTORIS AB2,030702,DP BEKASI,,,0306020048,,
MOT03020049,Tablet,Samsung Galaxy A04,,Beli,DUMMYMOTORIS,Pakai,,BKS-MOTORIS AB2,030702,DP BEKASI,,,0306020049,,
MOT03020050,Tablet,Samsung Galaxy A04,,Beli,DUMMYMOTORIS,Pakai,,BKS-MOTORIS AB2,030702,DP BEKASI,,,0306020050,,
MOT03020051,Tablet,Samsung Galaxy A04,,Beli,DUMMYMOTORIS,Pakai,,BKS-MOTORIS AB2,030702,DP BEKASI,,,0307020051,,
MOT03020052,Tablet,Samsung Galaxy A04,,Beli,DUMMYMOTORIS,Pakai,,BKS-MOTORIS AB2,030702,DP BEKASI,,,0307020052,,
MOT03020053,Tablet,Samsung Galaxy A04,,Beli,DUMMYMOTORIS,Pakai,,BKSDAF-MR X,030702,DP BEKASI,,,0307020053,,
MOT03020054,Tablet,Samsung Galaxy A04,,Beli,DUMMYMOTORIS,Cadangan,,,030702,DP BEKASI,,,0307020054,,
MOT03020055,Tablet,Samsung Galaxy A04,,Beli,DUMMYMOTORIS,Cadangan,,,030702,DP BEKASI,,,0307020055,,
MOT03020056,Tablet,Samsung Galaxy A04,,Beli,DUMMYMOTORIS,Cadangan,,,030702,DP BEKASI,,,0307020056,,
MOT03020057,Tablet,Samsung Galaxy A04,,Beli,DUMMYMOTORIS,Cadangan,,,030702,DP BEKASI,,,0307020057,,
MOT03020058,Tablet,Samsung Galaxy A04,,Beli,DUMMYMOTORIS,Cadangan,,,030702,DP BEKASI,,,0307020058,,
MOT03020059,Tablet,Samsung Galaxy A04,,Beli,DUMMYMOTORIS,Cadangan,,,030702,DP BEKASI,,,0307020059,,
MOT03020060,Tablet,Samsung Galaxy A04,,Beli,DUMMYMOTORIS,Cadangan,,,030702,DP BEKASI,,,0307020060,,
MOT03030001,Tablet,Samsung Galaxy A04,,Beli,DUMMYMOTORIS,Pakai,,CMPMD2-MOTORIS AB2,030603,DP CIAMPEA,,,306030011,,
MOT03030002,Tablet,Samsung Galaxy A04,,Beli,DUMMYMOTORIS,Pakai,,CMPMD3-MOTORIS AB3,030603,DP CIAMPEA,,,306030012,,
MOT03030003,Tablet,Samsung Galaxy A04,,Beli,DUMMYMOTORIS,Pakai,,CMPMD2-MOTORIS AB2,030603,DP CIAMPEA,,,306030013,,
MOT03030004,Tablet,Samsung Galaxy A04,,Beli,DUMMYMOTORIS,Pakai,,CMPMD3-MOTORIS AB3,030603,DP CIAMPEA,,,306030014,,
MOT03030005,Tablet,Samsung Galaxy A04,,Beli,DUMMYMOTORIS,Pakai,,CMP-JNATHAN ARDIANTO,030603,DP CIAMPEA,,,306030015,,
MOT03030006,Tablet,Samsung Galaxy A04,,Beli,DUMMYMOTORIS,Pakai,,CMP-MUHAMAD FADILAH,030603,DP CIAMPEA,,,306030016,,
MOT03030007,Tablet,Samsung Galaxy A04,,Beli,DUMMYMOTORIS,Pakai,,CMP-HENDRA,030603,DP CIAMPEA,,,306030017,,
MOT03030008,Tablet,Samsung Galaxy A04,,Beli,DUMMYMOTORIS,Pakai,,CMP-BACHRUM,030603,DP CIAMPEA,,,306030018,,
MOT03030011,Tablet,Samsung Galaxy A04,,Beli,DUMMYMOTORIS,Pakai,,CMP-AGUSTINUS WIDIANINGPRANG,030603,DP CIAMPEA,,,0306030021,,
MOT03030012,Tablet,Samsung Galaxy A04,,Beli,DUMMYMOTORIS,Pakai,,CMP-IRFAN MULYANA,030603,DP CIAMPEA,,,0306030022,,
MOT03030013,Tablet,Samsung Galaxy A04,,Beli,DUMMYMOTORIS,Pakai,,CMP-RIZAL,030603,DP CIAMPEA,,,0306030023,,
MOT03030014,Tablet,Samsung Galaxy A04,,Beli,DUMMYMOTORIS,Pakai,,CMPHT-MR X,030603,DP CIAMPEA,,,0306030024,,
MOT03030015,Tablet,Samsung Galaxy A04,,Beli,DUMMYMOTORIS,Pakai,,CMP-MUHAMAD WILDAN,030603,DP CIAMPEA,,,0306030025,,
MOT03030016,Tablet,Samsung Galaxy A04,,Beli,DUMMYMOTORIS,Pakai,,CMP-MOTORIS AB3,030603,DP CIAMPEA,,,0306030026,,
MOT03030017,Tablet,Samsung Galaxy A04,,Beli,DUMMYMOTORIS,Pakai,,CMP-MR X,030603,DP CIAMPEA,,,0306030027,,
MOT03030018,Tablet,Samsung Galaxy A04,,Beli,DUMMYMOTORIS,Pakai,,CMP-MOTORIS AB3,030603,DP CIAMPEA,,,0306030028,,
MOT03030019,Tablet,Samsung Galaxy A04,,Beli,DUMMYMTRORIS,Pakai,,CMPGMS-DA GM 1,030603,DP CIAMPEA,,,1000103030019,,
MOT03030020,Tablet,Samsung Galaxy A04,,Beli,DUMMYMTRORIS,Pakai,,CMPGMS-DA GM 2,030603,DP CIAMPEA,,,1000103030020,,
MOT03030021,Tablet,Samsung Galaxy A04,,Beli,DUMMYMTRORIS,Pakai,,CMP-RENDI,030603,DP CIAMPEA,,,1000103030021,,
MOT03030022,Tablet,Samsung Galaxy A04,,Beli,DUMMYMTRORIS,Pakai,,CMPAC2-DA CADANGAN AB23,030603,DP CIAMPEA,,,1000103030022,,
MOT03030023,Tablet,Samsung Galaxy A04,,Beli,DUMMYMTRORIS,Pakai,,CMPAC2-DA CADANGAN AB23,030603,DP CIAMPEA,,,1000103030023,,
MOT03030024,Tablet,Samsung Galaxy A04,,Beli,DUMMYMTRORIS,Pakai,,BGRAC2-DA CADANGAN AB4,030603,DP CIAMPEA,,,1000103030024,,
MOT03030025,Tablet,Samsung Galaxy A04,,Beli,DUMMYMTRORIS,Pakai,,CMPAC2-DA CADANGAN AB23,030603,DP CIAMPEA,,,1000103030025,,
MOT03030026,Tablet,Samsung Galaxy A04,,Beli,DUMMYMTRORIS,Pakai,,CMPOTG-MR X,030603,DP CIAMPEA,,,1000103030026,,
MOT03030027,Tablet,Samsung Galaxy A04,,Beli,DUMMYMTRORIS,Pakai,,CMPOTG-MR X,030603,DP CIAMPEA,,,1000103030027,,
MOT03030028,Tablet,Samsung Galaxy A04,,Beli,DUMMYMTRORIS,Cadangan,,,030603,DP CIAMPEA,,,1000103030028,,
MOT03030031,Tablet,Samsung Galaxy A04,,Beli,DUMMYMOTORIS,Cadangan,,,030603,DP CIAMPEA,,,0306030031,,
MOT03030032,Tablet,Samsung Galaxy A04,,Beli,DUMMYMOTORIS,Cadangan,,,030603,DP CIAMPEA,,,0306030032,,
MOT03030033,Tablet,Samsung Galaxy A04,,Beli,DUMMYMOTORIS,Cadangan,,,030603,DP CIAMPEA,,,0306030033,,
MOT03030034,Tablet,Samsung Galaxy A04,,Beli,DUMMYMOTORIS,Cadangan,,,030603,DP CIAMPEA,,,0306030034,,
MOT03030035,Tablet,Samsung Galaxy A04,,Beli,DUMMYMOTORIS,Cadangan,,,030603,DP CIAMPEA,,,0306030035,,
MOT03030036,Tablet,Samsung Galaxy A04,,Beli,DUMMYMOTORIS,Cadangan,,,030603,DP CIAMPEA,,,0306030036,,
MOT03030037,Tablet,Samsung Galaxy A04,,Beli,DUMMYMOTORIS,Cadangan,,,030603,DP CIAMPEA,,,0306030037,,
MOT03030038,Tablet,Samsung Galaxy A04,,Beli,DUMMYMOTORIS,Cadangan,,,030603,DP CIAMPEA,,,0306030038,,
MOT03030039,Tablet,Samsung Galaxy A04,,Beli,DUMMYMOTORIS,Cadangan,,,030603,DP CIAMPEA,,,0306030039,,
MOT03030040,Tablet,Samsung Galaxy A04,,Beli,DUMMYMOTORIS,Cadangan,,,030603,DP CIAMPEA,,,0306030040,,
MOT03030041,Tablet,Samsung Galaxy A04,,Beli,DUMMYMOTORIS,Cadangan,,,030603,DP CIAMPEA,,,0306030041,,
MOT03030042,Tablet,Samsung Galaxy A04,,Beli,DUMMYMOTORIS,Cadangan,,,030603,DP CIAMPEA,,,0306030042,,
MOT03030043,Tablet,Samsung Galaxy A04,,Beli,DUMMYMOTORIS,Cadangan,,,030603,DP CIAMPEA,,,0306030043,,
MOT03030044,Tablet,Samsung Galaxy A04,,Beli,DUMMYMOTORIS,Cadangan,,,030603,DP CIAMPEA,,,0306030044,,
MOT03030045,Tablet,Samsung Galaxy A04,,Beli,DUMMYMOTORIS,Cadangan,,,030603,DP CIAMPEA,,,0306030045,,
MOT03030046,Tablet,Samsung Galaxy A04,,Beli,DUMMYMOTORIS,Cadangan,,,030603,DP CIAMPEA,,,0306030046,,
MOT03030047,Tablet,Samsung Galaxy A04,,Beli,DUMMYMOTORIS,Cadangan,,,030603,DP CIAMPEA,,,0306030047,,
MOT03030048,Tablet,Samsung Galaxy A04,,Beli,DUMMYMOTORIS,Cadangan,,,030603,DP CIAMPEA,,,0306030048,,
MOT03030049,Tablet,Samsung Galaxy A04,,Beli,DUMMYMOTORIS,Cadangan,,,030603,DP CIAMPEA,,,0306030049,,
MOT03030050,Tablet,Samsung Galaxy A04,,Beli,DUMMYMOTORIS,Cadangan,,,030603,DP CIAMPEA,,,0306030050,,
MOT03030051,Tablet,Samsung Galaxy A04,,Beli,DUMMYMOTORIS,Cadangan,,,030603,DP CIAMPEA,,,0306030051,,
MOT03030052,Tablet,Samsung Galaxy A04,,Beli,DUMMYMOTORIS,Cadangan,,,030603,DP CIAMPEA,,,0306030052,,
MOT03030053,Tablet,Samsung Galaxy A04,,Beli,DUMMYMOTORIS,Cadangan,,,030603,DP CIAMPEA,,,0306030053,,
MOT03030054,Tablet,Samsung Galaxy A04,,Beli,DUMMYMOTORIS,Cadangan,,,030603,DP CIAMPEA,,,0306030054,,
MOT03030055,Tablet,Samsung Galaxy A04,,Beli,DUMMYMOTORIS,Cadangan,,,030603,DP CIAMPEA,,,0306030055,,
MOT03030056,Tablet,Samsung Galaxy A04,,Beli,DUMMYMOTORIS,Cadangan,,,030603,DP CIAMPEA,,,0306030056,,
MOT03030057,Tablet,Samsung Galaxy A04,,Beli,DUMMYMOTORIS,Cadangan,,,030603,DP CIAMPEA,,,0306030057,,
MOT03030058,Tablet,Samsung Galaxy A04,,Beli,DUMMYMOTORIS,Cadangan,,,030603,DP CIAMPEA,,,0306030058,,
MOT03030059,Tablet,Samsung Galaxy A04,,Beli,DUMMYMOTORIS,Cadangan,,,030603,DP CIAMPEA,,,0306030059,,
MOT03030060,Tablet,Samsung Galaxy A04,,Beli,DUMMYMOTORIS,Cadangan,,,030603,DP CIAMPEA,,,0306030060,,
MOT03040001,Tablet,Samsung Galaxy A04,,Beli,DUMMYMOTORIS,Pakai,,CLGMD2-MOTORIS AB2,030604,DP CILEUNGSI,,,306040011,,
MOT03040002,Tablet,Samsung Galaxy A04,,Beli,DUMMYMOTORIS,Pakai,,CLGMD3-MOTORIS AB3,030604,DP CILEUNGSI,,,306040012,,
MOT03040003,Tablet,Samsung Galaxy A04,,Beli,DUMMYMOTORIS,Pakai,,CLGMD2-MOTORIS AB2,030604,DP CILEUNGSI,,,306040013,,
MOT03040004,Tablet,Samsung Galaxy A04,,Beli,DUMMYMOTORIS,Pakai,,CLGMD3-MOTORIS AB3,030604,DP CILEUNGSI,,,306040014,,
MOT03040005,Tablet,Samsung Galaxy A04,,Beli,DUMMYMOTORIS,Pakai,,CLG-YUSUPI,030604,DP CILEUNGSI,,,306040015,,
MOT03040006,Tablet,Samsung Galaxy A04,,Beli,DUMMYMOTORIS,Pakai,,CLG-EGA,030604,DP CILEUNGSI,,,306040016,,
MOT03040007,Tablet,Samsung Galaxy A04,,Beli,DUMMYMOTORIS,Pakai,,CLG-MYEDIE,030604,DP CILEUNGSI,,,306040017,,
MOT03040008,Tablet,Samsung Galaxy A04,,Beli,DUMMYMOTORIS,Pakai,,CLG-SUHADI,030604,DP CILEUNGSI,,,306040018,,
MOT03040011,Tablet,Samsung Galaxy A04,,Beli,DUMMYMOTORIS,Pakai,,CLG-ANAS,030604,DP CILEUNGSI,,,0306040021,,
MOT03040012,Tablet,Samsung Galaxy A04,,Beli,DUMMYMOTORIS,Pakai,,CLG-RIYO MEDIKA,030604,DP CILEUNGSI,,,0306040022,,
MOT03040013,Tablet,Samsung Galaxy A04,,Beli,DUMMYMOTORIS,Pakai,,CLG-HENDRA,030604,DP CILEUNGSI,,,0306040023,,
MOT03040014,Tablet,Samsung Galaxy A04,,Beli,DUMMYMOTORIS,Pakai,,CLG-SULAEMAN,030604,DP CILEUNGSI,,,0306040024,,
MOT03040015,Tablet,Samsung Galaxy A04,,Beli,DUMMYMOTORIS,Pakai,,CLGHT-MR X,030604,DP CILEUNGSI,,,0306040025,,
MOT03040016,Tablet,Samsung Galaxy A04,,Beli,DUMMYMOTORIS,Pakai,,CLG-MOTORIS AB3,030604,DP CILEUNGSI,,,0306040026,,
MOT03040017,Tablet,Samsung Galaxy A04,,Beli,DUMMYMOTORIS,Pakai,,CLG-MOTORIS AB3,030604,DP CILEUNGSI,,,0306040027,,
MOT03040018,Tablet,Samsung Galaxy A04,,Beli,DUMMYMOTORIS,Pakai,,CLG-MOTORIS AB3,030604,DP CILEUNGSI,,,0306040028,,
MOT03040019,Tablet,Samsung Galaxy A04,,Beli,DUMMYMTRORIS,Pakai,,CLG-MATIN SUMANTRI,030604,DP CILEUNGSI,,,1000103040019,,
MOT03040020,Tablet,Samsung Galaxy A04,,Beli,DUMMYMTRORIS,Pakai,,CLG-SURYA KARTINI,030604,DP CILEUNGSI,,,1000103040020,,
MOT03040021,Tablet,Samsung Galaxy A04,,Beli,DUMMYMTRORIS,Pakai,,CLGBDX-INGGIT PAMUNGKAS,030604,DP CILEUNGSI,,,1000103040021,,
MOT03040022,Tablet,Samsung Galaxy A04,,Beli,DUMMYMTRORIS,Pakai,,CLG-MOTORIS AB2,030604,DP CILEUNGSI,,,1000103040022,,
MOT03040023,Tablet,Samsung Galaxy A04,,Beli,DUMMYMTRORIS,Pakai,,CLG-MOTORIS AB2,030604,DP CILEUNGSI,,,1000103040023,,
MOT03040024,Tablet,Samsung Galaxy A04,,Beli,DUMMYMTRORIS,Pakai,,CLGAC4-DA CADANGAN AB4,030604,DP CILEUNGSI,,,1000103040024,,
MOT03040025,Tablet,Samsung Galaxy A04,,Beli,DUMMYMTRORIS,Pakai,,CLGAC2-DA CADANGAN AB23,030604,DP CILEUNGSI,,,1000103040025,,
MOT03040026,Tablet,Samsung Galaxy A04,,Beli,DUMMYMTRORIS,Pakai,,CLGAC2-DA CADANGAN AB4,030604,DP CILEUNGSI,,,1000103040026,,
MOT03040027,Tablet,Samsung Galaxy A04,,Beli,DUMMYMTRORIS,Pakai,,CLG-MOTORIS AB2,030604,DP CILEUNGSI,,,1000103040027,,
MOT03040028,Tablet,Samsung Galaxy A04,,Beli,DUMMYMTRORIS,Pakai,,CLG-MOTORIS AB2,030604,DP CILEUNGSI,,,1000103040028,,
MOT03040031,Tablet,Samsung Galaxy A04,,Beli,DUMMYMOTORIS,Pakai,,CLG-MOTORIS AB2,030604,DP CILEUNGSI,,,0306040031,,
MOT03040032,Tablet,Samsung Galaxy A04,,Beli,DUMMYMOTORIS,Pakai,,CLG-MOTORIS AB2,030604,DP CILEUNGSI,,,0306040032,,
MOT03040033,Tablet,Samsung Galaxy A04,,Beli,DUMMYMOTORIS,Pakai,,CLG-MOTORIS AB2,030604,DP CILEUNGSI,,,0306040033,,
MOT03040034,Tablet,Samsung Galaxy A04,,Beli,DUMMYMOTORIS,Pakai,,CLG-MOTORIS AB2,030604,DP CILEUNGSI,,,0306040034,,
MOT03040035,Tablet,Samsung Galaxy A04,,Beli,DUMMYMOTORIS,Pakai,,CLGDAF-MR X,030604,DP CILEUNGSI,,,0306040035,,
MOT03040036,Tablet,Samsung Galaxy A04,,Beli,DUMMYMOTORIS,Cadangan,,,030604,DP CILEUNGSI,,,0306040036,,
MOT03040037,Tablet,Samsung Galaxy A04,,Beli,DUMMYMOTORIS,Cadangan,,,030604,DP CILEUNGSI,,,0306040037,,
MOT03040038,Tablet,Samsung Galaxy A04,,Beli,DUMMYMOTORIS,Cadangan,,,030604,DP CILEUNGSI,,,0306040038,,
MOT03040039,Tablet,Samsung Galaxy A04,,Beli,DUMMYMOTORIS,Cadangan,,,030604,DP CILEUNGSI,,,0306040039,,
MOT03040040,Tablet,Samsung Galaxy A04,,Beli,DUMMYMOTORIS,Cadangan,,,030604,DP CILEUNGSI,,,0306040040,,
MOT03040041,Tablet,Samsung Galaxy A04,,Beli,DUMMYMOTORIS,Cadangan,,,030604,DP CILEUNGSI,,,0306040041,,
MOT03040042,Tablet,Samsung Galaxy A04,,Beli,DUMMYMOTORIS,Cadangan,,,030604,DP CILEUNGSI,,,0306040042,,
MOT03040043,Tablet,Samsung Galaxy A04,,Beli,DUMMYMOTORIS,Cadangan,,,030604,DP CILEUNGSI,,,0306040043,,
MOT03040044,Tablet,Samsung Galaxy A04,,Beli,DUMMYMOTORIS,Cadangan,,,030604,DP CILEUNGSI,,,0306040044,,
MOT03040045,Tablet,Samsung Galaxy A04,,Beli,DUMMYMOTORIS,Cadangan,,,030604,DP CILEUNGSI,,,0306040045,,
MOT03040046,Tablet,Samsung Galaxy A04,,Beli,DUMMYMOTORIS,Cadangan,,,030604,DP CILEUNGSI,,,0306040046,,
MOT03040047,Tablet,Samsung Galaxy A04,,Beli,DUMMYMOTORIS,Cadangan,,,030604,DP CILEUNGSI,,,0306040047,,
MOT03040048,Tablet,Samsung Galaxy A04,,Beli,DUMMYMOTORIS,Cadangan,,,030604,DP CILEUNGSI,,,0306040048,,
MOT03040049,Tablet,Samsung Galaxy A04,,Beli,DUMMYMOTORIS,Cadangan,,,030604,DP CILEUNGSI,,,0306040049,,
MOT03040050,Tablet,Samsung Galaxy A04,,Beli,DUMMYMOTORIS,Cadangan,,,030604,DP CILEUNGSI,,,0306040050,,
MOT03040051,Tablet,Samsung Galaxy A04,,Beli,DUMMYMOTORIS,Cadangan,,,030604,DP CILEUNGSI,,,0306040051,,
MOT03040052,Tablet,Samsung Galaxy A04,,Beli,DUMMYMOTORIS,Cadangan,,,030604,DP CILEUNGSI,,,0306040052,,
MOT03040053,Tablet,Samsung Galaxy A04,,Beli,DUMMYMOTORIS,Cadangan,,,030604,DP CILEUNGSI,,,0306040053,,
MOT03040054,Tablet,Samsung Galaxy A04,,Beli,DUMMYMOTORIS,Cadangan,,,030604,DP CILEUNGSI,,,0306040054,,
MOT03040055,Tablet,Samsung Galaxy A04,,Beli,DUMMYMOTORIS,Cadangan,,,030604,DP CILEUNGSI,,,0306040055,,
MOT03040056,Tablet,Samsung Galaxy A04,,Beli,DUMMYMOTORIS,Cadangan,,,030604,DP CILEUNGSI,,,0306040056,,
MOT03040057,Tablet,Samsung Galaxy A04,,Beli,DUMMYMOTORIS,Cadangan,,,030604,DP CILEUNGSI,,,0306040057,,
MOT03040058,Tablet,Samsung Galaxy A04,,Beli,DUMMYMOTORIS,Cadangan,,,030604,DP CILEUNGSI,,,0306040058,,
MOT03040059,Tablet,Samsung Galaxy A04,,Beli,DUMMYMOTORIS,Cadangan,,,030604,DP CILEUNGSI,,,0306040059,,
MOT03040060,Tablet,Samsung Galaxy A04,,Beli,DUMMYMOTORIS,Cadangan,,,030604,DP CILEUNGSI,,,0306040060,,
MOT03050001,Tablet,Samsung Galaxy A04,,Beli,DUMMYMOTORIS,Pakai,,CKRMD2-MOTORIS AB2,030705,DP CIKARANG,,,307050011,,
MOT03050002,Tablet,Samsung Galaxy A04,,Beli,DUMMYMOTORIS,Pakai,,CKRMD3-MOTORIS AB3,030705,DP CIKARANG,,,307050012,,
MOT03050003,Tablet,Samsung Galaxy A04,,Beli,DUMMYMOTORIS,Pakai,,CKRMD2-MOTORIS AB2,030705,DP CIKARANG,,,307050013,,
MOT03050004,Tablet,Samsung Galaxy A04,,Beli,DUMMYMOTORIS,Pakai,,CKRMD3-MOTORIS AB3,030705,DP CIKARANG,,,307050014,,
MOT03050005,Tablet,Samsung Galaxy A04,,Beli,DUMMYMOTORIS,Pakai,,CKR-AHMAD ZAENUDIN,030705,DP CIKARANG,,,307050015,,
MOT03050006,Tablet,Samsung Galaxy A04,,Beli,DUMMYMOTORIS,Pakai,,CKR-BUDIYO SUWARNO,030705,DP CIKARANG,,,307050016,,
MOT03050007,Tablet,Samsung Galaxy A04,,Beli,DUMMYMOTORIS,Pakai,,CKR-AULIA RAHMAN,030705,DP CIKARANG,,,307050017,,
MOT03050008,Tablet,Samsung Galaxy A04,,Beli,DUMMYMOTORIS,Pakai,,CKR-MAULANA HIDAYAT,030705,DP CIKARANG,,,307050018,,
MOT03050011,Tablet,Samsung Galaxy A04,,Beli,DUMMYMOTORIS,Pakai,,CKR-SUMARNO WIJAYA,030705,DP CIKARANG,,,0307050021,,
MOT03050012,Tablet,Samsung Galaxy A04,,Beli,DUMMYMOTORIS,Pakai,,CKR-AHMAD MUBAROK,030705,DP CIKARANG,,,0307050022,,
MOT03050013,Tablet,Samsung Galaxy A04,,Beli,DUMMYMOTORIS,Pakai,,CKR-DEDY SURYADI,030705,DP CIKARANG,,,0307050023,,
MOT03050014,Tablet,Samsung Galaxy A04,,Beli,DUMMYMOTORIS,Pakai,,CKR-MUNAWAR AKILI,030705,DP CIKARANG,,,0307050024,,
MOT03050015,Tablet,Samsung Galaxy A04,,Beli,DUMMYMOTORIS,Pakai,,CKR-GALIH RAKASIWI,030705,DP CIKARANG,,,0307050025,,
MOT03050016,Tablet,Samsung Galaxy A04,,Beli,DUMMYMOTORIS,Pakai,,CKR-M. IZUL,030705,DP CIKARANG,,,0307050026,,
MOT03050017,Tablet,Samsung Galaxy A04,,Beli,DUMMYMOTORIS,Pakai,,,030705,DP CIKARANG,,,0307050027,,
MOT03050018,Tablet,Samsung Galaxy A04,,Beli,DUMMYMOTORIS,Pakai,,,030705,DP CIKARANG,,,0307050028,,
MOT03050019,Tablet,Samsung Galaxy A04,,Beli,DUMMYMTRORIS,Pakai,,CKR-MUH IRFAN,030705,DP CIKARANG,,,1000103050019,,
MOT03050020,Tablet,Samsung Galaxy A04,,Beli,DUMMYMTRORIS,Pakai,,CKR-MOTORIS AB3,030705,DP CIKARANG,,,1000103050020,,
MOT03050021,Tablet,Samsung Galaxy A04,,Beli,DUMMYMTRORIS,Pakai,,CKR-MR X,030705,DP CIKARANG,,,1000103050021,,
MOT03050022,Tablet,Samsung Galaxy A04,,Beli,DUMMYMTRORIS,Pakai,,CKRHTF-MR X,030705,DP CIKARANG,,,1000103050022,,
MOT03050023,Tablet,Samsung Galaxy A04,,Beli,DUMMYMTRORIS,Pakai,,CKRHT-RUDI LESMANA,030705,DP CIKARANG,,,1000103050023,,
MOT03050024,Tablet,Samsung Galaxy A04,,Beli,DUMMYMTRORIS,Pakai,,CKRHTF-IGO ALWAN,030705,DP CIKARANG,,,1000103050024,,
MOT03050025,Tablet,Samsung Galaxy A04,,Beli,DUMMYMTRORIS,Pakai,,CKR-DWI WAHYUNI,030705,DP CIKARANG,,,1000103050025,,
MOT03050026,Tablet,Samsung Galaxy A04,,Beli,DUMMYMTRORIS,Pakai,,CKR-EGI SETYA PRATAMA ALHIZ,030705,DP CIKARANG,,,1000103050026,,
MOT03050027,Tablet,Samsung Galaxy A04,,Beli,DUMMYMTRORIS,Pakai,,CKR-MOTORIS AB3,030705,DP CIKARANG,,,1000103050027,,
MOT03050028,Tablet,Samsung Galaxy A04,,Beli,DUMMYMTRORIS,Pakai,,CKR-MR X,030705,DP CIKARANG,,,1000103050028,,
MOT03050031,Tablet,Samsung Galaxy A04,,Beli,DUMMYMOTORIS,Pakai,,CKR-MOTORIS TGA,030705,DP CIKARANG,,,0307050031,,
MOT03050032,Tablet,Samsung Galaxy A04,,Beli,DUMMYMOTORIS,Pakai,,CKR-MOTORIS AB3,030705,DP CIKARANG,,,0307050032,,
MOT03050033,Tablet,Samsung Galaxy A04,,Beli,DUMMYMOTORIS,Pakai,,CKR-MOTORIS AB3,030705,DP CIKARANG,,,0307050033,,
MOT03050034,Tablet,Samsung Galaxy A04,,Beli,DUMMYMOTORIS,Pakai,,CKRBC1-MOTORIS KHUSUS DAGANG,030705,DP CIKARANG,,,0307050034,,
MOT03050035,Tablet,Samsung Galaxy A04,,Beli,DUMMYMOTORIS,Pakai,,CKR-HUSEN,030705,DP CIKARANG,,,0307050035,,
MOT03050036,Tablet,Samsung Galaxy A04,,Beli,DUMMYMOTORIS,Pakai,,,030705,DP CIKARANG,,,0307050036,,
MOT03050037,Tablet,Samsung Galaxy A04,,Beli,DUMMYMOTORIS,Pakai,,CKR-MOTORIS AB2,030705,DP CIKARANG,,,0307050037,,
MOT03050038,Tablet,Samsung Galaxy A04,,Beli,DUMMYMOTORIS,Pakai,,CKR-MOTORIS AB2,030705,DP CIKARANG,,,0307050038,,
MOT03050039,Tablet,Samsung Galaxy A04,,Beli,DUMMYMOTORIS,Pakai,,CKR-MOTORIS AB2,030705,DP CIKARANG,,,0307050039,,
MOT03050040,Tablet,Samsung Galaxy A04,,Beli,DUMMYMOTORIS,Pakai,,CKRAC4-DA CADANGAN AB4,030705,DP CIKARANG,,,0307050040,,
MOT03050041,Tablet,Samsung Galaxy A04,,Beli,DUMMYMOTORIS,Pakai,,CKRAC2-DA CADANGAN AB23,030705,DP CIKARANG,,,0306050041,,
MOT03050042,Tablet,Samsung Galaxy A04,,Beli,DUMMYMOTORIS,Pakai,,CKRAC2-DA CADANGAN AB4,030705,DP CIKARANG,,,0306050042,,
MOT03050043,Tablet,Samsung Galaxy A04,,Beli,DUMMYMOTORIS,Pakai,,CKRMD4- MOTORIS AB4,030705,DP CIKARANG,,,0306050043,,
MOT03050044,Tablet,Samsung Galaxy A04,,Beli,DUMMYMOTORIS,Pakai,,CKR-MOTORIS AB2,030705,DP CIKARANG,,,0306050044,,
MOT03050045,Tablet,Samsung Galaxy A04,,Beli,DUMMYMOTORIS,Pakai,,CKR-MOTORIS AB2,030705,DP CIKARANG,,,0306050045,,
MOT03050046,Tablet,Samsung Galaxy A04,,Beli,DUMMYMOTORIS,Pakai,,CKRDAF-MR X,030705,DP CIKARANG,,,0306050046,,
MOT03050047,Tablet,Samsung Galaxy A04,,Beli,DUMMYMOTORIS,Pakai,,,030705,DP CIKARANG,,,0306050047,,
MOT03050048,Tablet,Samsung Galaxy A04,,Beli,DUMMYMOTORIS,Cadangan,,,030705,DP CIKARANG,,,0306050048,,
MOT03050049,Tablet,Samsung Galaxy A04,,Beli,DUMMYMOTORIS,Cadangan,,,030705,DP CIKARANG,,,0306050049,,
MOT03050050,Tablet,Samsung Galaxy A04,,Beli,DUMMYMOTORIS,Cadangan,,,030705,DP CIKARANG,,,0306050050,,
MOT03050051,Tablet,Samsung Galaxy A04,,Beli,DUMMYMOTORIS,Cadangan,,,030705,DP CIKARANG,,,0307050051,,
MOT03050052,Tablet,Samsung Galaxy A04,,Beli,DUMMYMOTORIS,Cadangan,,,030705,DP CIKARANG,,,0307050052,,
MOT03050053,Tablet,Samsung Galaxy A04,,Beli,DUMMYMOTORIS,Cadangan,,,030705,DP CIKARANG,,,0307050053,,
MOT03050054,Tablet,Samsung Galaxy A04,,Beli,DUMMYMOTORIS,Cadangan,,,030705,DP CIKARANG,,,0307050054,,
MOT03050055,Tablet,Samsung Galaxy A04,,Beli,DUMMYMOTORIS,Cadangan,,,030705,DP CIKARANG,,,0307050055,,
MOT03050056,Tablet,Samsung Galaxy A04,,Beli,DUMMYMOTORIS,Cadangan,,,030705,DP CIKARANG,,,0307050056,,
MOT03050057,Tablet,Samsung Galaxy A04,,Beli,DUMMYMOTORIS,Cadangan,,,030705,DP CIKARANG,,,0307050057,,
MOT03050058,Tablet,Samsung Galaxy A04,,Beli,DUMMYMOTORIS,Cadangan,,,030705,DP CIKARANG,,,0307050058,,
MOT03050059,Tablet,Samsung Galaxy A04,,Beli,DUMMYMOTORIS,Cadangan,,,030705,DP CIKARANG,,,0307050059,,
MOT03050060,Tablet,Samsung Galaxy A04,,Beli,DUMMYMOTORIS,Cadangan,,,030705,DP CIKARANG,,,0307050060,,
MOT03060001,Tablet,Samsung Galaxy A04,,Beli,DUMMYMOTORIS,Pakai,,BGRMD2-MOTORIS AB2,030601,DP BOGOR,,,306010011,,
MOT03060002,Tablet,Samsung Galaxy A04,,Beli,DUMMYMOTORIS,Pakai,,BGRMD3-MOTORIS AB3,030601,DP BOGOR,,,306010012,,
MOT03060003,Tablet,Samsung Galaxy A04,,Beli,DUMMYMOTORIS,Pakai,,BGRMD2-MOTORIS AB2,030601,DP BOGOR,,,306010013,,
MOT03060004,Tablet,Samsung Galaxy A04,,Beli,DUMMYMOTORIS,Pakai,,BGRMD3-MOTORIS AB3,030601,DP BOGOR,,,306010014,,
MOT03060005,Tablet,Samsung Galaxy A04,,Beli,DUMMYMOTORIS,Pakai,,BGR-DEDE ANDRIANSYAH,030601,DP BOGOR,,,306010015,,
MOT03060006,Tablet,Samsung Galaxy A04,,Beli,DUMMYMOTORIS,Pakai,,BGRHTF-SAFRIZAL,030601,DP BOGOR,,,306010016,,
MOT03060007,Tablet,Samsung Galaxy A04,,Beli,DUMMYMOTORIS,Pakai,,BGRHTF-MR X,030601,DP BOGOR,,,306010017,,
MOT03060008,Tablet,Samsung Galaxy A04,,Beli,DUMMYMOTORIS,Pakai,,BGRHT-MR X,030601,DP BOGOR,,,306010018,,
MOT03060011,Tablet,Samsung Galaxy A04,,Beli,DUMMYMOTORIS,Pakai,,BGR-UMI NOVITA,030601,DP BOGOR,,,0306010021,,
MOT03060012,Tablet,Samsung Galaxy A04,,Beli,DUMMYMOTORIS,Pakai,,BGR-SRI LESTARI,030601,DP BOGOR,,,0306010022,,
MOT03060013,Tablet,Samsung Galaxy A04,,Beli,DUMMYMOTORIS,Pakai,,BGR-LUTFI YAHSYA FAUZI,030601,DP BOGOR,,,0306010023,,
MOT03060014,Tablet,Samsung Galaxy A04,,Beli,DUMMYMOTORIS,Pakai,,BGR-KOKO KOMARUDIN,030601,DP BOGOR,,,0306010024,,
MOT03060015,Tablet,Samsung Galaxy A04,,Beli,DUMMYMOTORIS,Pakai,,BGR-SHANTY ISMAYA,030601,DP BOGOR,,,0306010025,,
MOT03060016,Tablet,Samsung Galaxy A04,,Beli,DUMMYMOTORIS,Pakai,,BGR-EKAWATI AFRIANI,030601,DP BOGOR,,,0306010026,,
MOT03060017,Tablet,Samsung Galaxy A04,,Beli,DUMMYMOTORIS,Pakai,,BGR-JOSUA PARULIAN,030601,DP BOGOR,,,0306010027,,
MOT03060018,Tablet,Samsung Galaxy A04,,Beli,DUMMYMOTORIS,Pakai,,BGR-DICKI FIRMANSYAH,030601,DP BOGOR,,,0306010028,,
MOT03060031,Tablet,Samsung Galaxy A04,,Beli,DUMMYMOTORIS,Pakai,,BGR-MUHAMAD PAISAL PAJAR,030601,DP BOGOR,,,0306010031,,
MOT03060032,Tablet,Samsung Galaxy A04,,Beli,DUMMYMOTORIS,Pakai,,BGR-MOTORIS TGA,030601,DP BOGOR,,,0306010032,,
MOT03060033,Tablet,Samsung Galaxy A04,,Beli,DUMMYMOTORIS,Pakai,,BGR-ANANDA AHMAD BAIHAQI,030601,DP BOGOR,,,0306010033,,
MOT03060034,Tablet,Samsung Galaxy A04,,Beli,DUMMYMOTORIS,Pakai,,BGR-MR X,030601,DP BOGOR,,,0306010034,,
MOT03060035,Tablet,Samsung Galaxy A04,,Beli,DUMMYMOTORIS,Pakai,,BGR-RIAN NURIANSYAH,030601,DP BOGOR,,,0306010035,,
MOT03060036,Tablet,Samsung Galaxy A04,,Beli,DUMMYMOTORIS,Pakai,,BGR-MOTORIS AB3,030601,DP BOGOR,,,0306010036,,
MOT03060037,Tablet,Samsung Galaxy A04,,Beli,DUMMYMOTORIS,Pakai,,BGR-MOTORIS AB3,030601,DP BOGOR,,,0306010037,,
MOT03060038,Tablet,Samsung Galaxy A04,,Beli,DUMMYMOTORIS,Cadangan,,,030601,DP BOGOR,,,0306010038,,
MOT03060039,Tablet,Samsung Galaxy A04,,Beli,DUMMYMOTORIS,Cadangan,,,030601,DP BOGOR,,,0306010039,,
MOT03060040,Tablet,Samsung Galaxy A04,,Beli,DUMMYMOTORIS,Pakai,,,030601,DP BOGOR,,,0306010040,,
MOT03060051,Tablet,Samsung Galaxy A04,,Beli,DUMMYMOTORIS,Cadangan,,,030601,DP BOGOR,,,0306010051,,
MOT03060052,Tablet,Samsung Galaxy A04,,Beli,DUMMYMOTORIS,Cadangan,,,030601,DP BOGOR,,,0306010052,,
MOT03060053,Tablet,Samsung Galaxy A04,,Beli,DUMMYMOTORIS,Cadangan,,,030601,DP BOGOR,,,0306010053,,
MOT03060054,Tablet,Samsung Galaxy A04,,Beli,DUMMYMOTORIS,Cadangan,,,030601,DP BOGOR,,,0306010054,,
MOT03060055,Tablet,Samsung Galaxy A04,,Beli,DUMMYMOTORIS,Cadangan,,,030601,DP BOGOR,,,0306010055,,
MOT03060056,Tablet,Samsung Galaxy A04,,Beli,DUMMYMOTORIS,Cadangan,,,030601,DP BOGOR,,,0306010056,,
MOT03060057,Tablet,Samsung Galaxy A04,,Beli,DUMMYMOTORIS,Cadangan,,,030601,DP BOGOR,,,0306010057,,
MOT03060058,Tablet,Samsung Galaxy A04,,Beli,DUMMYMOTORIS,Cadangan,,,030601,DP BOGOR,,,0306010058,,
MOT03060059,Tablet,Samsung Galaxy A04,,Beli,DUMMYMOTORIS,Cadangan,,,030601,DP BOGOR,,,0306010059,,
MOT03060060,Tablet,Samsung Galaxy A04,,Beli,DUMMYMOTORIS,Cadangan,,,030601,DP BOGOR,,,0306010060,,
MOT03100001,Tablet,Samsung Galaxy A04,,Beli,DUMMYMOTORIS,Pakai,,DPK-ARMAN BAHRI,030610,DP DEPOK,,,0306100001,,
MOT03100002,Tablet,Samsung Galaxy A04,,Beli,DUMMYMOTORIS,Pakai,,DPK-SARMAIDA SILALAHI,030610,DP DEPOK,,,0306100002,,
MOT03100003,Tablet,Samsung Galaxy A04,,Beli,DUMMYMOTORIS,Pakai,,DPK-SRI WAHYUNI,030610,DP DEPOK,,,0306100003,,
MOT03100004,Tablet,Samsung Galaxy A04,,Beli,DUMMYMOTORIS,Pakai,,DPK-ESTU MELAWATI,030610,DP DEPOK,,,0306100004,,
MOT03100005,Tablet,Samsung Galaxy A04,,Beli,DUMMYMOTORIS,Pakai,,DPKMDS-MR X,030610,DP DEPOK,,,0306100005,,
MOT03100006,Tablet,Samsung Galaxy A04,,Beli,DUMMYMOTORIS,Pakai,,DPK-ANNO MARQI SOFYAN,030610,DP DEPOK,,,0306100006,,
MOT03100007,Tablet,Samsung Galaxy A04,,Beli,DUMMYMOTORIS,Pakai,,DPK-YANIH SUSILAWATI,030610,DP DEPOK,,,0306100007,,
MOT03100008,Tablet,Samsung Galaxy A04,,Beli,DUMMYMOTORIS,Pakai,,DPKHT-MUHAMMAD ADRIAN EGIYANA,030610,DP DEPOK,,,0306100008,,
MOT03100009,Tablet,Samsung Galaxy A04,,Beli,DUMMYMOTORIS,Pakai,,DPKHT-MAHARANTO,030610,DP DEPOK,,,0306100009,,
MOT03100010,Tablet,Samsung Galaxy A04,,Beli,DUMMYMOTORIS,Pakai,,DPK-DIDING KHOERUDIN,030610,DP DEPOK,,,0306100010,,
MOT03100011,Tablet,Samsung Galaxy A04,,Beli,DUMMYMOTORIS,Pakai,,DPK-MOTORIS AB3,030610,DP DEPOK,,,0306100011,,
MOT03100012,Tablet,Samsung Galaxy A04,,Beli,DUMMYMOTORIS,Pakai,,,030610,DP DEPOK,,,0306100012,,
MOT03100013,Tablet,Samsung Galaxy A04,,Beli,DUMMYMOTORIS,Pakai,,DPK-TANTAN,030610,DP DEPOK,,,0306100013,,
MOT03100014,Tablet,Samsung Galaxy A04,,Beli,DUMMYMOTORIS,Pakai,,DPKBDX-INGGIT PAMUNGKAS,030610,DP DEPOK,,,0306100014,,
MOT03100015,Tablet,Samsung Galaxy A04,,Beli,DUMMYMOTORIS,Pakai,,DPK-MOTORIS AB2,030610,DP DEPOK,,,0306100015,,
MOT03100016,Tablet,Samsung Galaxy A04,,Beli,DUMMYMOTORIS,Pakai,,DPK-MOTORIS AB2,030610,DP DEPOK,,,0306100016,,
MOT03100017,Tablet,Samsung Galaxy A04,,Beli,DUMMYMOTORIS,Pakai,,DPKAC4-DA CADANGAN AB4,030610,DP DEPOK,,,0306100017,,
MOT03100018,Tablet,Samsung Galaxy A04,,Beli,DUMMYMOTORIS,Pakai,,DPKBDX-JAYADI,030610,DP DEPOK,,,0306100018,,
MOT03100019,Tablet,Samsung Galaxy A04,,Beli,DUMMYMTRORIS,Pakai,,DPKAC2-DA CADANGAN AB23,030610,DP DEPOK,,,1000103100019,,
MOT03100020,Tablet,Samsung Galaxy A04,,Beli,DUMMYMTRORIS,Pakai,,DPKAC2-DA CADANGAN AB4,030610,DP DEPOK,,,1000103100020,,
MOT03100021,Tablet,Samsung Galaxy A04,,Beli,DUMMYMTRORIS,Pakai,,,030610,DP DEPOK,,,1000103100021,,
MOT03100022,Tablet,Samsung Galaxy A04,,Beli,DUMMYMTRORIS,Pakai,,DPK-MOTORIS AB2,030610,DP DEPOK,,,1000103100022,,
MOT03100023,Tablet,Samsung Galaxy A04,,Beli,DUMMYMTRORIS,Pakai,,DPK-MOTORIS AB2,030610,DP DEPOK,,,1000103100023,,
MOT03100024,Tablet,Samsung Galaxy A04,,Beli,DUMMYMTRORIS,Pakai,,DPK-MOTORIS AB2,030610,DP DEPOK,,,1000103100024,,
MOT03100025,Tablet,Samsung Galaxy A04,,Beli,DUMMYMTRORIS,Pakai,,DPKDAF-MR X,030610,DP DEPOK,,,1000103100025,,
MOT03100026,Tablet,Samsung Galaxy A04,,Beli,DUMMYMTRORIS,Cadangan,,,030610,DP DEPOK,,,1000103100026,,
MOT03100027,Tablet,Samsung Galaxy A04,,Beli,DUMMYMTRORIS,Cadangan,,,030610,DP DEPOK,,,1000103100027,,
MOT03100028,Tablet,Samsung Galaxy A04,,Beli,DUMMYMTRORIS,Cadangan,,,030610,DP DEPOK,,,1000103100028,,
MOT03100031,Tablet,Samsung Galaxy A04,,Beli,DUMMYMOTORIS,Cadangan,,,030610,DP DEPOK,,,0306100031,,
MOT03100032,Tablet,Samsung Galaxy A04,,Beli,DUMMYMOTORIS,Cadangan,,,030610,DP DEPOK,,,0306100032,,
MOT03100033,Tablet,Samsung Galaxy A04,,Beli,DUMMYMOTORIS,Cadangan,,,030610,DP DEPOK,,,0306100033,,
MOT03100034,Tablet,Samsung Galaxy A04,,Beli,DUMMYMOTORIS,Cadangan,,,030610,DP DEPOK,,,0306100034,,
MOT03100035,Tablet,Samsung Galaxy A04,,Beli,DUMMYMOTORIS,Cadangan,,,030610,DP DEPOK,,,0306100035,,
MOT03100036,Tablet,Samsung Galaxy A04,,Beli,DUMMYMOTORIS,Cadangan,,,030610,DP DEPOK,,,0306100036,,
MOT03100037,Tablet,Samsung Galaxy A04,,Beli,DUMMYMOTORIS,Cadangan,,,030610,DP DEPOK,,,0306100037,,
MOT03100038,Tablet,Samsung Galaxy A04,,Beli,DUMMYMOTORIS,Cadangan,,,030610,DP DEPOK,,,0306100038,,
MOT03100039,Tablet,Samsung Galaxy A04,,Beli,DUMMYMOTORIS,Cadangan,,,030610,DP DEPOK,,,0306100039,,
MOT03100040,Tablet,Samsung Galaxy A04,,Beli,DUMMYMOTORIS,Cadangan,,,030610,DP DEPOK,,,0306100040,,
MOT03100041,Tablet,Samsung Galaxy A04,,Beli,DUMMYMOTORIS,Cadangan,,,030610,DP DEPOK,,,0306100041,,
MOT03100042,Tablet,Samsung Galaxy A04,,Beli,DUMMYMOTORIS,Cadangan,,,030610,DP DEPOK,,,0306100042,,
MOT03100043,Tablet,Samsung Galaxy A04,,Beli,DUMMYMOTORIS,Cadangan,,,030610,DP DEPOK,,,0306100043,,
MOT03100044,Tablet,Samsung Galaxy A04,,Beli,DUMMYMOTORIS,Cadangan,,,030610,DP DEPOK,,,0306100044,,
MOT03100045,Tablet,Samsung Galaxy A04,,Beli,DUMMYMOTORIS,Cadangan,,,030610,DP DEPOK,,,0306100045,,
MOT03100046,Tablet,Samsung Galaxy A04,,Beli,DUMMYMOTORIS,Cadangan,,,030610,DP DEPOK,,,0306100046,,
MOT03100047,Tablet,Samsung Galaxy A04,,Beli,DUMMYMOTORIS,Cadangan,,,030610,DP DEPOK,,,0306100047,,
MOT03100048,Tablet,Samsung Galaxy A04,,Beli,DUMMYMOTORIS,Cadangan,,,030610,DP DEPOK,,,0306100048,,
MOT03100049,Tablet,Samsung Galaxy A04,,Beli,DUMMYMOTORIS,Cadangan,,,030610,DP DEPOK,,,0306100049,,
MOT03100050,Tablet,Samsung Galaxy A04,,Beli,DUMMYMOTORIS,Cadangan,,,030610,DP DEPOK,,,0306100050,,
MOT03100051,Tablet,Samsung Galaxy A04,,Beli,DUMMYMOTORIS,Cadangan,,,030610,DP DEPOK,,,0306100051,,
MOT03100052,Tablet,Samsung Galaxy A04,,Beli,DUMMYMOTORIS,Cadangan,,,030610,DP DEPOK,,,0306100052,,
MOT03100053,Tablet,Samsung Galaxy A04,,Beli,DUMMYMOTORIS,Cadangan,,,030610,DP DEPOK,,,0306100053,,
MOT03100054,Tablet,Samsung Galaxy A04,,Beli,DUMMYMOTORIS,Cadangan,,,030610,DP DEPOK,,,0306100054,,
MOT03100055,Tablet,Samsung Galaxy A04,,Beli,DUMMYMOTORIS,Cadangan,,,030610,DP DEPOK,,,0306100055,,
MOT03100056,Tablet,Samsung Galaxy A04,,Beli,DUMMYMOTORIS,Cadangan,,,030610,DP DEPOK,,,0306100056,,
MOT03100057,Tablet,Samsung Galaxy A04,,Beli,DUMMYMOTORIS,Cadangan,,,030610,DP DEPOK,,,0306100057,,
MOT03100058,Tablet,Samsung Galaxy A04,,Beli,DUMMYMOTORIS,Cadangan,,,030610,DP DEPOK,,,0306100058,,
MOT03100059,Tablet,Samsung Galaxy A04,,Beli,DUMMYMOTORIS,Cadangan,,,030610,DP DEPOK,,,0306100059,,
MOT03100060,Tablet,Samsung Galaxy A04,,Beli,DUMMYMOTORIS,Cadangan,,,030610,DP DEPOK,,,0306100060,,
MOT03220001,Tablet,Samsung Galaxy A04,,Beli,DUMMYMOTORIS,Pakai,,KRWMD2-MOTORIS AB2,030722,DP KARAWANG,,,307220011,,
MOT03220002,Tablet,Samsung Galaxy A04,,Beli,DUMMYMOTORIS,Pakai,,KRWMD3-MOTORIS AB3,030722,DP KARAWANG,,,307220012,,
MOT03220003,Tablet,Samsung Galaxy A04,,Beli,DUMMYMOTORIS,Pakai,,KRWMD2-MOTORIS AB2,030722,DP KARAWANG,,,307220013,,
MOT03220004,Tablet,Samsung Galaxy A04,,Beli,DUMMYMOTORIS,Pakai,,KRWMD3-MOTORIS AB3,030722,DP KARAWANG,,,307220014,,
MOT03220005,Tablet,Samsung Galaxy A04,,Beli,DUMMYMOTORIS,Pakai,,KRW-MR X,030722,DP KARAWANG,,,307220015,,
MOT03220006,Tablet,Samsung Galaxy A04,,Beli,DUMMYMOTORIS,Pakai,,KRW-KANDI SUPRIADI,030722,DP KARAWANG,,,307220016,,
MOT03220007,Tablet,Samsung Galaxy A04,,Beli,DUMMYMOTORIS,Pakai,,KRW-EKO RAHARJO,030722,DP KARAWANG,,,307220017,,
MOT03220008,Tablet,Samsung Galaxy A04,,Beli,DUMMYMOTORIS,Pakai,,KRW-MR X,030722,DP KARAWANG,,,307220018,,
MOT03220011,Tablet,Samsung Galaxy A04,,Beli,DUMMYMOTORIS,Pakai,,KRW-MR X,030722,DP KARAWANG,,,0307220021,,
MOT03220012,Tablet,Samsung Galaxy A04,,Beli,DUMMYMOTORIS,Pakai,,KRWHTF-ANGGA ARY HERYADI,030722,DP KARAWANG,,,0307220022,,
MOT03220013,Tablet,Samsung Galaxy A04,,Beli,DUMMYMOTORIS,Pakai,,KRWHTF-MR X,030722,DP KARAWANG,,,0307220023,,
MOT03220014,Tablet,Samsung Galaxy A04,,Beli,DUMMYMOTORIS,Pakai,,KRW-SYUKRI WAHYUDI,030722,DP KARAWANG,,,0307220024,,
MOT03220015,Tablet,Samsung Galaxy A04,,Beli,DUMMYMOTORIS,Pakai,,KRW-MR X,030722,DP KARAWANG,,,0307220025,,
MOT03220016,Tablet,Samsung Galaxy A04,,Beli,DUMMYMOTORIS,Pakai,,KRW-MR X,030722,DP KARAWANG,,,0307220026,,
MOT03220017,Tablet,Samsung Galaxy A04,,Beli,DUMMYMOTORIS,Pakai,,KRW-MR X,030722,DP KARAWANG,,,0307220027,,
MOT03220018,Tablet,Samsung Galaxy A04,,Beli,DUMMYMOTORIS,Pakai,,KRW-IWAN SETIAWAN,030722,DP KARAWANG,,,0307220028,,
MOT03220019,Tablet,Samsung Galaxy A04,,Beli,DUMMYMTRORIS,Pakai,,KRW-FIKRI ARASID,030722,DP KARAWANG,,,1000103220019,,
MOT03220020,Tablet,Samsung Galaxy A04,,Beli,DUMMYMTRORIS,Pakai,,KRW-MR X,030722,DP KARAWANG,,,1000103220020,,
MOT03220021,Tablet,Samsung Galaxy A04,,Beli,DUMMYMTRORIS,Pakai,,KRWGMS-DA GM 1,030722,DP KARAWANG,,,1000103220021,,
MOT03220022,Tablet,Samsung Galaxy A04,,Beli,DUMMYMTRORIS,Pakai,,KRW-MELISA NOVIANTI,030722,DP KARAWANG,,,1000103220022,,
MOT03220023,Tablet,Samsung Galaxy A04,,Beli,DUMMYMTRORIS,Pakai,,KRW-DICKY HARDIANSYAH,030722,DP KARAWANG,,,1000103220023,,
MOT03220024,Tablet,Samsung Galaxy A04,,Beli,DUMMYMTRORIS,Pakai,,KRWBDX-JAYADI,030722,DP KARAWANG,,,1000103220024,,
MOT03220025,Tablet,Samsung Galaxy A04,,Beli,DUMMYMTRORIS,Pakai,,KRW-MOTORIS AB2,030722,DP KARAWANG,,,1000103220025,,
MOT03220026,Tablet,Samsung Galaxy A04,,Beli,DUMMYMTRORIS,Pakai,,KRW-MOTORIS AB2,030722,DP KARAWANG,,,1000103220026,,
MOT03220027,Tablet,Samsung Galaxy A04,,Beli,DUMMYMTRORIS,Pakai,,KRWAC2-DA CADANGAN AB23,030722,DP KARAWANG,,,1000103220027,,
MOT03220028,Tablet,Samsung Galaxy A04,,Beli,DUMMYMTRORIS,Pakai,,KRWAC2-DA CADANGAN AB4,030722,DP KARAWANG,,,1000103220028,,
MOT03220031,Tablet,Samsung Galaxy A04,,Beli,DUMMYMOTORIS,Pakai,,KRW-DA MOTORIS TGA,030722,DP KARAWANG,,,0307220031,,
MOT03220032,Tablet,Samsung Galaxy A04,,Beli,DUMMYMOTORIS,Pakai,,KRW-DA MOTORIS TGA,030722,DP KARAWANG,,,0307220032,,
MOT03220033,Tablet,Samsung Galaxy A04,,Beli,DUMMYMOTORIS,Pakai,,KRW-DA MOTORIS TGA,030722,DP KARAWANG,,,0307220033,,
MOT03220034,Tablet,Samsung Galaxy A04,,Beli,DUMMYMOTORIS,Pakai,,KRW-DA MOTORIS TGA,030722,DP KARAWANG,,,0307220034,,
MOT03220035,Tablet,Samsung Galaxy A04,,Beli,DUMMYMOTORIS,Pakai,,KRW-DA MOTORIS TGA,030722,DP KARAWANG,,,0307220035,,
MOT03220036,Tablet,Samsung Galaxy A04,,Beli,DUMMYMOTORIS,Pakai,,KRW-MOTORIS AB2,030722,DP KARAWANG,,,0307220036,,
MOT03220037,Tablet,Samsung Galaxy A04,,Beli,DUMMYMOTORIS,Pakai,,KRW-MOTORIS AB2,030722,DP KARAWANG,,,0307220037,,
MOT03220038,Tablet,Samsung Galaxy A04,,Beli,DUMMYMOTORIS,Pakai,,KRW-MOTORIS AB2,030722,DP KARAWANG,,,0307220038,,
MOT03220039,Tablet,Samsung Galaxy A04,,Beli,DUMMYMOTORIS,Pakai,,KRWDAF-MR X,030722,DP KARAWANG,,,0307220039,,
MOT03220040,Tablet,Samsung Galaxy A04,,Beli,DUMMYMOTORIS,Cadangan,,,030722,DP KARAWANG,,,0307220040,,
MOT03220041,Tablet,Samsung Galaxy A04,,Beli,DUMMYMOTORIS,Cadangan,,,030722,DP KARAWANG,,,0306220041,,
MOT03220042,Tablet,Samsung Galaxy A04,,Beli,DUMMYMOTORIS,Cadangan,,,030722,DP KARAWANG,,,0306220042,,
MOT03220043,Tablet,Samsung Galaxy A04,,Beli,DUMMYMOTORIS,Cadangan,,,030722,DP KARAWANG,,,0306220043,,
MOT03220044,Tablet,Samsung Galaxy A04,,Beli,DUMMYMOTORIS,Cadangan,,,030722,DP KARAWANG,,,0306220044,,
MOT03220045,Tablet,Samsung Galaxy A04,,Beli,DUMMYMOTORIS,Cadangan,,,030722,DP KARAWANG,,,0306220045,,
MOT03220046,Tablet,Samsung Galaxy A04,,Beli,DUMMYMOTORIS,Cadangan,,,030722,DP KARAWANG,,,0306220046,,
MOT03220047,Tablet,Samsung Galaxy A04,,Beli,DUMMYMOTORIS,Cadangan,,,030722,DP KARAWANG,,,0306220047,,
MOT03220048,Tablet,Samsung Galaxy A04,,Beli,DUMMYMOTORIS,Cadangan,,,030722,DP KARAWANG,,,0306220048,,
MOT03220049,Tablet,Samsung Galaxy A04,,Beli,DUMMYMOTORIS,Cadangan,,,030722,DP KARAWANG,,,0306220049,,
MOT03220050,Tablet,Samsung Galaxy A04,,Beli,DUMMYMOTORIS,Cadangan,,,030722,DP KARAWANG,,,0306220050,,
MOT03220051,Tablet,Samsung Galaxy A04,,Beli,DUMMYMOTORIS,Cadangan,,,030722,DP KARAWANG,,,0307220051,,
MOT03220052,Tablet,Samsung Galaxy A04,,Beli,DUMMYMOTORIS,Cadangan,,,030722,DP KARAWANG,,,0307220052,,
MOT03220053,Tablet,Samsung Galaxy A04,,Beli,DUMMYMOTORIS,Cadangan,,,030722,DP KARAWANG,,,0307220053,,
MOT03220054,Tablet,Samsung Galaxy A04,,Beli,DUMMYMOTORIS,Cadangan,,,030722,DP KARAWANG,,,0307220054,,
MOT03220055,Tablet,Samsung Galaxy A04,,Beli,DUMMYMOTORIS,Cadangan,,,030722,DP KARAWANG,,,0307220055,,
MOT03220056,Tablet,Samsung Galaxy A04,,Beli,DUMMYMOTORIS,Cadangan,,,030722,DP KARAWANG,,,0307220056,,
MOT03220057,Tablet,Samsung Galaxy A04,,Beli,DUMMYMOTORIS,Cadangan,,,030722,DP KARAWANG,,,0307220057,,
MOT03220058,Tablet,Samsung Galaxy A04,,Beli,DUMMYMOTORIS,Cadangan,,,030722,DP KARAWANG,,,0307220058,,
MOT03220059,Tablet,Samsung Galaxy A04,,Beli,DUMMYMOTORIS,Cadangan,,,030722,DP KARAWANG,,,0307220059,,
MOT03220060,Tablet,Samsung Galaxy A04,,Beli,DUMMYMOTORIS,Cadangan,,,030722,DP KARAWANG,,,0307220060,,
MTR03030001,Tablet,Samsung Galaxy A04,,Beli,DUMMYMTRORIS,Pakai,,CMP-RAMDANI,030603,DP CIAMPEA,,,3060300111,,
MTR03030002,Tablet,Samsung Galaxy A04,,Beli,DUMMYMTRORIS,Pakai,,CMP-DICKY PRATAMA,030603,DP CIAMPEA,,,3060300121,,
MTR03030003,Tablet,Samsung Galaxy A04,,Beli,DUMMYMTRORIS,Pakai,,CMP-MUSPIK,030603,DP CIAMPEA,,,3060300131,,
MTR03030004,Tablet,Samsung Galaxy A04,,Beli,DUMMYMTRORIS,Pakai,,CMP-REZA NUR MUHAMMAD WIBOWO,030603,DP CIAMPEA,,,3060300141,,
MTR03030005,Tablet,Samsung Galaxy A04,,Beli,DUMMYMTRORIS,Pakai,,CMP-MOTORIS TGA,030603,DP CIAMPEA,,,3060300151,,
MTR03030006,Tablet,Samsung Galaxy A04,,Beli,DUMMYMTRORIS,Pakai,,CMP-RAHMAT WAHYU WIJAYA,030603,DP CIAMPEA,,,3060300161,,
MTR03030007,Tablet,Samsung Galaxy A04,,Beli,DUMMYMTRORIS,Pakai,,CMP-MOTORIS AB3,030603,DP CIAMPEA,,,3060300171,,
MTR03030008,Tablet,Samsung Galaxy A04,,Beli,DUMMYMTRORIS,Pakai,,CMP-MR X,030603,DP CIAMPEA,,,3060300181,,
MTR03040001,Tablet,Samsung Galaxy A04,,Beli,DUMMYMTRORIS,Pakai,,CLG-MR X,030604,DP CILEUNGSI,,,3060400111,,
MTR03040002,Tablet,Samsung Galaxy A04,,Beli,DUMMYMTRORIS,Pakai,,CLG-MIFTAH,030604,DP CILEUNGSI,,,3060400121,,
MTR03040003,Tablet,Samsung Galaxy A04,,Beli,DUMMYMTRORIS,Pakai,,CLG-FIRMAN,030604,DP CILEUNGSI,,,3060400131,,
MTR03040004,Tablet,Samsung Galaxy A04,,Beli,DUMMYMTRORIS,Pakai,,CLG-MOTORIS AB3,030604,DP CILEUNGSI,,,3060400141,,
MTR03040005,Tablet,Samsung Galaxy A04,,Beli,DUMMYMTRORIS,Pakai,,CLG-ANDRY PRATAMA,030604,DP CILEUNGSI,,,3060400151,,
MTR03040006,Tablet,Samsung Galaxy A04,,Beli,DUMMYMTRORIS,Pakai,,CLG-SUGENG,030604,DP CILEUNGSI,,,3060400161,,
MTR03040007,Tablet,Samsung Galaxy A04,,Beli,DUMMYMTRORIS,Pakai,,CLG-MOTORIS AB3,030604,DP CILEUNGSI,,,3060400171,,
MTR03040008,Tablet,Samsung Galaxy A04,,Beli,DUMMYMTRORIS,Pakai,,CLG-TEDI BASARUDIN,030604,DP CILEUNGSI,,,3060400181,,
MTR03050001,Tablet,Samsung Galaxy A04,,Beli,DUMMYMTRORIS,Pakai,,CKR-DEVI SETIA KUSUMA WARDANA,030705,DP CIKARANG,,,3070500111,,
MTR03050002,Tablet,Samsung Galaxy A04,,Beli,DUMMYMTRORIS,Pakai,,CKR-MUH. NASRULLOH AMRI,030705,DP CIKARANG,,,3070500121,,
MTR03050003,Tablet,Samsung Galaxy A04,,Beli,DUMMYMTRORIS,Pakai,,CKR-ALI AKBAR,030705,DP CIKARANG,,,3070500131,,
MTR03050004,Tablet,Samsung Galaxy A04,,Beli,DUMMYMTRORIS,Pakai,,CKR-MR X,030705,DP CIKARANG,,,3070500141,,
MTR03050005,Tablet,Samsung Galaxy A04,,Beli,DUMMYMTRORIS,Pakai,,CKR-FAJAR IRAWAN,030705,DP CIKARANG,,,3070500151,,
MTR03050006,Tablet,Samsung Galaxy A04,,Beli,DUMMYMTRORIS,Pakai,,CKR-GILANG PRASETIYO,030705,DP CIKARANG,,,3070500161,,
MTR03050007,Tablet,Samsung Galaxy A04,,Beli,DUMMYMTRORIS,Pakai,,CKR-MR X,030705,DP CIKARANG,,,3070500171,,
MTR03050008,Tablet,Samsung Galaxy A04,,Beli,DUMMYMTRORIS,Pakai,,CKR-MR X,030705,DP CIKARANG,,,3070500181,,
MTR03060001,Tablet,Samsung Galaxy A04,,Beli,DUMMYMTRORIS,Pakai,,BGR-ALFAN FAUZAN NADIMA,030601,DP BOGOR,,,3060100111,,
MTR03060002,Tablet,Samsung Galaxy A04,,Beli,DUMMYMTRORIS,Pakai,,BGR-MR X,030601,DP BOGOR,,,3060100121,,
MTR03060003,Tablet,Samsung Galaxy A04,,Beli,DUMMYMTRORIS,Pakai,,BGR-MR X,030601,DP BOGOR,,,3060100131,,
MTR03060004,Tablet,Samsung Galaxy A04,,Beli,DUMMYMTRORIS,Pakai,,BGR-ANJAS NUGROHO,030601,DP BOGOR,,,3060100141,,
MTR03060005,Tablet,Samsung Galaxy A04,,Beli,DUMMYMTRORIS,Pakai,,BGR-ISNAN NURUL BAKTI,030601,DP BOGOR,,,3060100151,,
MTR03060006,Tablet,Samsung Galaxy A04,,Beli,DUMMYMTRORIS,Pakai,,BGR-RISKI ISMAIL,030601,DP BOGOR,,,3060100161,,
MTR03060007,Tablet,Samsung Galaxy A04,,Beli,DUMMYMTRORIS,Pakai,,BGR-BOBBY PARTULUSAN SITUMORAN,030601,DP BOGOR,,,3060100171,,
MTR03060008,Tablet,Samsung Galaxy A04,,Beli,DUMMYMTRORIS,Pakai,,BGR-MR X,030601,DP BOGOR,,,3060100181,,
MTR03220001,Tablet,Samsung Galaxy A04,,Beli,DUMMYMTRORIS,Pakai,,KRW-REZA SYAHPUTRA,030722,DP KARAWANG,,,3072200111,,
MTR03220002,Tablet,Samsung Galaxy A04,,Beli,DUMMYMTRORIS,Pakai,,KRW-ARIP SETIARAHMAN,030722,DP KARAWANG,,,3072200121,,
MTR03220003,Tablet,Samsung Galaxy A04,,Beli,DUMMYMTRORIS,Pakai,,KRW-INDA KURNIAWAN,030722,DP KARAWANG,,,3072200131,,
MTR03220004,Tablet,Samsung Galaxy A04,,Beli,DUMMYMTRORIS,Pakai,,KRW-NERMAN,030722,DP KARAWANG,,,3072200141,,
MTR03220005,Tablet,Samsung Galaxy A04,,Beli,DUMMYMTRORIS,Pakai,,KRW-YOLANDA LESTARI,030722,DP KARAWANG,,,3072200151,,
MTR03220006,Tablet,Samsung Galaxy A04,,Beli,DUMMYMTRORIS,Cadangan,,,030722,DP KARAWANG,,,3072200161,,
MTR03220007,Tablet,Samsung Galaxy A04,,Beli,DUMMYMTRORIS,Cadangan,,,030722,DP KARAWANG,,,3072200171,,
MTR03220008,Tablet,Samsung Galaxy A04,,Beli,DUMMYMTRORIS,Cadangan,,,030722,DP KARAWANG,,,3072200181,,
NXV7BSN0274160F7E07600,Notebook,ACER,,,,Cek,,,030028,WILAYAH BODEBEK,,,,,CAHYA (RUSAK DI WILAYAH)
PF00L5JD,Notebook,LENOVO,,,,Cek,,,030028,WILAYAH BODEBEK,,,,,RUSAK MATI TOTAL DI WILAYAH
R3M6RB1231400043,Tablet,Huawei Ideos S7,,Beli,TAHAP 1,Jual,,,030028,WILAYAH BODEBEK,,,,,
R3M6RB1231400059 ,Tablet,Huawei Ideos S7,,Beli,PO130719,Jual,,,030028,WILAYAH BODEBEK,,,,,
R3M6RB1231400076,Tablet,Huawei Ideos S7,,Beli,TAHAP 1,Jual,,,030028,WILAYAH BODEBEK,,,,,
R3M6RB1231400234,Tablet,Huawei Ideos S7,,Beli,TAHAP 1,Jual,,,030028,WILAYAH BODEBEK,,,,,
R3M6RB1231400348,Tablet,Huawei Ideos S7,,Beli,TAHAP 1,Jual,,,030028,WILAYAH BODEBEK,,,,,
R3M6RB1231400428,Tablet,Huawei Ideos S7,,Beli,TAHAP 1,Jual,,,030028,WILAYAH BODEBEK,,,,,
R3M6RB1233101581,Tablet,Huawei Ideos S7,,Beli,TAHAP 1,Jual,,,030028,WILAYAH BODEBEK,,,,,
R3M6RB1233101582,Tablet,Huawei Ideos S7,,Beli,TAHAP 1,Jual,,,030028,WILAYAH BODEBEK,,,,,
R3M6RB1233101597,Tablet,Huawei Ideos S7,,Beli,TAHAP 1,Jual,,,030028,WILAYAH BODEBEK,,,,,
R3M6RB1233101619,Tablet,Huawei Ideos S7,,Beli,TAHAP 1,Jual,,,030028,WILAYAH BODEBEK,,,,,
R3M6RB1233101624,Tablet,Huawei Ideos S7,,Beli,TAHAP 1,Jual,,,030028,WILAYAH BODEBEK,,,,,
R3M6RB1233101631,Tablet,Huawei Ideos S7,,Beli,TAHAP 1,Jual,,,030028,WILAYAH BODEBEK,,,,,
R3M6RB1233101653,Tablet,Huawei Ideos S7,,Beli,TAHAP 1,Jual,,,030028,WILAYAH BODEBEK,,,,,
R3M6RB1250300530,Tablet,Huawei Ideos S7,,Beli,TAHAP 1,Jual,,,030028,WILAYAH BODEBEK,,,,,
R3M6RB1250300531,Tablet,Huawei Ideos S7,,Beli,TAHAP 1,Jual,,,030028,WILAYAH BODEBEK,,,,,
R3M6RB1250300532,Tablet,Huawei Ideos S7,,Beli,TAHAP 1,Jual,,,030028,WILAYAH BODEBEK,,,,,
R3M6RB1250300533,Tablet,Huawei Ideos S7,,Beli,TAHAP 1,Jual,,,030028,WILAYAH BODEBEK,,,,,
R3M6RB1250300535,Tablet,Huawei Ideos S7,,Beli,TAHAP 1,Jual,,,030028,WILAYAH BODEBEK,,,,,
R3M6RB1250300536,Tablet,Huawei Ideos S7,,Beli,TAHAP 1,Jual,,,030028,WILAYAH BODEBEK,,,,,
R3M6RB1250300553,Tablet,Huawei Ideos S7,,Beli,TAHAP 1,Jual,,,030028,WILAYAH BODEBEK,,,,,
R3M6RB1250300587,Tablet,Huawei Ideos S7,,Beli,TAHAP 1,Jual,,,030028,WILAYAH BODEBEK,,,,,
R3M6RB1250300591,Tablet,Huawei Ideos S7,,Beli,TAHAP 1,Jual,,,030028,WILAYAH BODEBEK,,,,,
R3M6RB1250300635,Tablet,Huawei Ideos S7,,Beli,TAHAP 1,Jual,,,030028,WILAYAH BODEBEK,,,,,
R3M6RB1250300641,Tablet,Huawei Ideos S7,,Beli,TAHAP 1,Jual,,,030028,WILAYAH BODEBEK,,,,,
R3M6RB1250300795,Tablet,Huawei Ideos S7,,Beli,TAHAP 1,Jual,,,030028,WILAYAH BODEBEK,,,,,
R3M6RB1250300919,Tablet,Huawei Ideos S7,,Beli,PO130906,Jual,,,030028,WILAYAH BODEBEK,,,,,
R3M6RB1250300995,Tablet,Huawei Ideos S7,,Beli,TAHAP 1,Jual,,,030028,WILAYAH BODEBEK,,,,,
R3M6RB1250300999,Tablet,Huawei Ideos S7,,Beli,TAHAP 1,Jual,,,030028,WILAYAH BODEBEK,,,,,
R3M6RB1250301003,Tablet,Huawei Ideos S7,,Beli,TAHAP 1,Jual,,,030028,WILAYAH BODEBEK,,,,,
R3M6RB1250301082,Tablet,Huawei Ideos S7,,Beli,TAHAP 1,Jual,,,030028,WILAYAH BODEBEK,,,,,
R3M6RB1250301088,Tablet,Huawei Ideos S7,,Beli,TAHAP 1,Jual,,,030028,WILAYAH BODEBEK,,,,,
R3M6RB1250301090,Tablet,Huawei Ideos S7,,Beli,TAHAP 1,Jual,,,030028,WILAYAH BODEBEK,,,,,
R3M6RB1250301098,Tablet,Huawei Ideos S7,,Beli,TAHAP 1,Jual,,,030028,WILAYAH BODEBEK,,,,,
R3M6RB1250301100,Tablet,Huawei Ideos S7,,Beli,TAHAP 1,Jual,,,030028,WILAYAH BODEBEK,,,,,
R3M6RB1250301101,Tablet,Huawei Ideos S7,,Beli,TAHAP 1,Hilang,,,030601,DP BOGOR,,,,,
R3M6RB1250301277,Tablet,Huawei Ideos S7,,Beli,TAHAP 1,Jual,,,030028,WILAYAH BODEBEK,,,,,
R3M6RB1250301384,Tablet,Huawei Ideos S7,,Beli,TAHAP 1,Jual,,,030028,WILAYAH BODEBEK,,,,,
R3M6RB1250301484,Tablet,Huawei Ideos S7,,Beli,TAHAP 1,Hilang,,,030702,DP BEKASI,,,,,
R3M6RB1250301492,Tablet,Huawei Ideos S7,,Beli,TAHAP 1,Jual,,,030028,WILAYAH BODEBEK,,,,,
R3M6RB1250301502,Tablet,Huawei Ideos S7,,Beli,TAHAP 1,Jual,,,030028,WILAYAH BODEBEK,,,,,
R3M6RB1250301517,Tablet,Huawei Ideos S7,,Beli,TAHAP 1,Jual,,,030028,WILAYAH BODEBEK,,,,,
R3M6TA1172505034,Tablet,Huawei Ideos S7,,Beli,TAHAP 1,Jual,,,030028,WILAYAH BODEBEK,,,,,
R3M6TA1172505495,Tablet,Huawei Ideos S7,,Ganti rusak,RPC131004,Jual,,,030028,WILAYAH BODEBEK,,,,,
R3M6TB1170100436,Tablet,Huawei Ideos S7,,Beli,TAHAP 1,Jual,,,030028,WILAYAH BODEBEK,,,,,
R3M6TB1172501578,Tablet,Huawei Ideos S7,,Beli,TAHAP 1,Jual,,,030028,WILAYAH BODEBEK,,,,,
R3MAYB1181901648,Tablet,Huawei Ideos S7,,Beli,TAHAP 1,Jual,,,030610,DP DEPOK,,,,,
R3MAYB1221400278,Tablet,Huawei Ideos S7,,Beli,TAHAP 1,Jual,,,030028,WILAYAH BODEBEK,,,,,
R3MAYB1221400557,Tablet,Huawei Ideos S7,,Beli,TAHAP 1,Jual,,,030028,WILAYAH BODEBEK,,,,,
R3MAYB1221400663,Tablet,Huawei Ideos S7,,Beli,TAHAP 1,Jual,,,030028,WILAYAH BODEBEK,,,,,
R3MAYB1221401282,Tablet,Huawei Ideos S7,,Beli,TAHAP 1,Jual,,,030610,DP DEPOK,,,,,
R52G90A56BA,Tablet,SAMSUNG-SM-T116NU(3V),,Beli,PO20151006,Cek,,,030028,WILAYAH BODEBEK,,,358546064909179,,baik
R52G90GWCPX,Tablet,,,,,,,,,,,,,,KIRIM KE PUSAT
R52H615C0NW,Tablet,,,,,,,,,,,,,,KIRIM KE PUSAT
R52H815BJAH,Tablet,SAMSUNG-SM-T116NU(3V),,Beli,PO20160901,Cek,,,030705,DP CIKARANG,,08119914426,358546066471301,,
R52H815BJJV,Tablet,SAMSUNG-SM-T116NU(3V),,Pengganti sementara,PO20160901,Jual,,,030028,WILAYAH BODEBEK,,,358546066471384,,KIRIM KE PUSAT
R52H815BJKX,Tablet,,,,,Cek,,,,,,,,,KIRIM KE PUSAT
R52H815BK0W,Tablet,SAMSUNG-SM-T116NU(3V),,Beli,PO20160901,Cek,,,030028,WILAYAH BODEBEK,,,358546066471533,,baik
R52H815BL8N,Tablet,,,,,Cek,,,,,,,,,KIRIM KE PUSAT
R52H815BP0E,Tablet,,,,,Cek,,,,,,,,,KIRIM KE PUSAT
R52H815BQ1N,Tablet,SAMSUNG-SM-T116NU(3V),,Beli,PO20160901,Cek,,,030702,DP BEKASI,,,358546066473190,,
R52H815BQ3E,Tablet,SAMSUNG-SM-T116NU(3V),,Beli,PO20160901,Cek,,,030028,WILAYAH BODEBEK,,,358546066473216,,KIRIM KE PUSAT
R52H815BTBT,Tablet,SAMSUNG-SM-T116NU(3V),,Pengganti sementara,PO20160901,Jual,,,030028,WILAYAH BODEBEK,,,358546066474289,,KIRIM KE PUSAT
R52H815BXGV,Tablet,,,,,Cek,,,,,,,,,KIRIM KE PUSAT
R52H815BZ3V,Tablet,,,,,Cek,,,,,,,,,KIRIM KE PUSAT
R52H815C04D,Tablet,SAMSUNG-SM-T116NU(3V),,Pengganti sementara,PO20160901,Jual,,,030028,WILAYAH BODEBEK,,,358546066476193,,KIRIM KE PUSAT
R52H815C0JJ,Tablet,SAMSUNG-SM-T116NU(3V),,Pengganti sementara,PO20160901,Jual,,,030028,WILAYAH BODEBEK,,,358546066476334,,KIRIM KE PUSAT
R52H816GL1P,Tablet,SAMSUNG-SM-T116NU(3V),,Beli,PO20160901,Cek,,,030028,DP KARAWANG,,,358546066477597,,KIRIM KE PUSAT
R52H816GL4V,Tablet,SAMSUNG-SM-T116NU(3V),,Pengganti sementara,PO20160901,Jual,,,030028,WILAYAH BODEBEK,,,358546066477621,,KIRIM KE PUSAT
R52H816GW9P,Tablet,SAMSUNG-SM-T116NU(3V),,Beli,PO20160901,Cek,,,030028,WILAYAH BODEBEK,,,358546066480641,,baik
R52H816GWWW,Tablet,,,,,Cek,,,,,,,,,KIRIM KE PUSAT
R52H816GX7H,Tablet,SAMSUNG-SM-T116NU(3V),,Pengganti sementara,PO20160901,Jual,,,030028,WILAYAH BODEBEK,,,358546066480955,,KIRIM KE PUSAT
R52H816GXYP,Tablet,SAMSUNG-SM-T116NU(3V),,Beli,PO20160901,Cek,,,030601,DP BOGOR,,08119914364,358546066481193,,
R52H816GY6F,Tablet,SAMSUNG-SM-T116NU(3V),,Beli,PO20160901,Cek,,,030028,WILAYAH BODEBEK,,,358546066481276,,baik
R52H816GZ3X,Tablet,,,,,,,,,,,,,,KIRIM KE PUSAT
R52H816GZHM,Tablet,,,,,Cek,,,,,,,,,KIRIM KE PUSAT
R52H816H02W,Tablet,,,,,Cek,,,,,,,,,KIRIM KE PUSAT
R52H816H04V,Tablet,,,,,,,,,,,,,,KIRIM KE PUSAT
R52H816H0HJ,Tablet,SAMSUNG-SM-T116NU(3V),,Beli,PO20160901,Cek,,,030028,WILAYAH BODEBEK,,,358546066482043,,baik
R52H816HDDK,Tablet,,,,,,,,,,,,,,KIRIM KE PUSAT
R52H816HFAD,Tablet,SAMSUNG-SM-T116NU(3V),,Beli,PO20160901,Cek,,,030028,WILAYAH BODEBEK,,,358546066486929,,KIRIM KE PUSAT
R52H816HFMZ,Tablet,SAMSUNG-SM-T116NU(3V),,Pengganti sementara,PO20160901,Jual,,,030028,WILAYAH BODEBEK,,,358546066487034,,KIRIM KE PUSAT
R52H816HG1B,Tablet,SAMSUNG-SM-T116NU(3V),,Beli,PO20160901,Cek,,,030028,WILAYAH BODEBEK,,,358546066487166,,"pecah,bocor"
R52H816HG4R,Tablet,SAMSUNG-SM-T116NU(3V),,Beli,PO20160901,Cek,,,030028,WILAYAH BODEBEK,,,358546066487190,,baik
R52H816HG5Z,Tablet,SAMSUNG-SM-T116NU(3V),,Pengganti sementara,PO20160901,Jual,,,030028,WILAYAH BODEBEK,,,358546066487208,,KIRIM KE PUSAT
R52H816HKDR,Tablet,SAMSUNG-SM-T116NU(3V),,Beli,PO20160901,Cek,,,030028,WILAYAH BODEBEK,,,358546066488271,,KIRIM KE PUSAT
R52H816HMOR,Tablet,,,,,,,,,,,,,,KIRIM KE PUSAT
R52H816HOVE,Tablet,,,,,Cek,,,,,,,,,KIRIM KE PUSAT
R52H816HQYY,Tablet,,,,,Cek,,,,,,,,,KIRIM KE PUSAT
R52H816HR0P,Tablet,,,,,,,,,,,,,,KIRIM KE PUSAT
R7LCTF001273,Monitor,ASUS,,,,Cek,918007732,FEBRIKA PUJIASMORO,,,,,,,
R7LCTF001280,Monitor,ASUS,,,,Cek,918007732,FEBRIKA PUJIASMORO,,,,,,,
R7LCTF001291,Monitor,ASUS,,,,Cek,918007732,FEBRIKA PUJIASMORO,,,,,,,
R8RY506G17X,Tablet,Samsung Galaxy A9,,Beli,PO20250605,Cek,,,030722,DP KARAWANG,,,352726192160160,,
R9CM800VKYJ,Tablet,SAMSUNG-SM-T295N(A8-2019),,Beli,PO20191107,Cek,,,030028,WILAYAH BODEBEK,,,359306102255138,,"pecah,bocor"
R9CM800VN8J,Tablet,SAMSUNG-SM-T295N(A8-2019),,Beli,PO20191107,Cek,,,030028,WILAYAH BODEBEK,,,359306102255856,,baik
R9CM800VV7J,Tablet,SAMSUNG-SM-T295N(A8-2019),,Beli,PO20191107,Cek,,,030028,WILAYAH BODEBEK,,,359306102257399,,baik
R9CM800VY1J,Tablet,SAMSUNG-SM-T295N(A8-2019),,Beli,PO20191107,Cek,,,030028,WILAYAH BODEBEK,,,359306102258264,,baik
R9CM800W1DJ,Tablet,SAMSUNG-SM-T295N(A8-2019),,Beli,PO20191107,Cek,,,030028,WILAYAH BODEBEK,,,359306102259312,,
R9CM800W44J,Tablet,SAMSUNG-SM-T295N(A8-2019),,Beli,PO20191107,Hilang,,,030028,WILAYAH BODEBEK,,,359306102260153,,Samuel Franki Manigar (MUTASI JBS) ASSET BLM BALIK
R9CM800W4ZJ,Tablet,SAMSUNG-SM-T295N(A8-2019),,Beli,PO20191107,Cek,,,030028,WILAYAH BODEBEK,,,359306102260419,,kelocked
R9CM800W57J,Tablet,SAMSUNG-SM-T295N(A8-2019),,Beli,PO20191107,Hilang,,,030028,WILAYAH BODEBEK,,,359306102260492,,Tumpal Samosir (Sales Supervisor Div AB3) ASSET BLM BALIK
R9CM800W5YJ,Tablet,SAMSUNG-SM-T295N(A8-2019),,Beli,PO20191107,Hilang,,,030028,WILAYAH BODEBEK,,,359306102260716,,HILANG
R9CM800WAKJ,Tablet,SAMSUNG-SM-T295N(A8-2019),,Beli,PO20191107,Cek,,,030028,WILAYAH BODEBEK,,,359306102262159,,
R9CM90467QJ,Tablet,SAMSUNG-SM-T295N(A8-2019),,Beli,PO20191107,Hilang,,,030028,WILAYAH BODEBEK,,,359306102317904,,HILANG
R9CM90468GJ,Tablet,SAMSUNG-SM-T295N(A8-2019),,Beli,PO20191107,Cek,,KRWSPC-DIANA SUSANTI,030722,DP KARAWANG,,,359306102318142,,
R9CM90468KJ,Tablet,SAMSUNG-SM-T295N(A8-2019),,Beli,PO20191107,Hilang,,,030028,WILAYAH BODEBEK,,,359306102318167,,HILANG
R9CM90468XJ,Tablet,SAMSUNG-SM-T295N(A8-2019),,Beli,PO20191107,Cek,,,030028,WILAYAH BODEBEK,,,359306102318266,,baik
R9CM90469GJ,Tablet,SAMSUNG-SM-T295N(A8-2019),,Beli,PO20191107,Cek,,,030028,WILAYAH BODEBEK,,,359306102318456,,baik
R9CM9046B9J,Tablet,SAMSUNG-SM-T295N(A8-2019),,Beli,PO20191107,Cek,,,030028,WILAYAH BODEBEK,,,359306102319009,,
R9CM9046EPJ,Tablet,SAMSUNG-SM-T295N(A8-2019),,Beli,PO20191107,Cek,,,030028,WILAYAH BODEBEK,,,359306102320064,,baik
R9CM9046EQJ,Tablet,SAMSUNG-SM-T295N(A8-2019),,Beli,PO20191107,Cek,,,030028,WILAYAH BODEBEK,,,359306102320072,,
R9CM9046GDJ,Tablet,SAMSUNG-SM-T295N(A8-2019),,Beli,PO20191107,Hilang,,,030028,WILAYAH BODEBEK,,,359306102320593,,Steven Herbert Syamkemal (KABUR)
R9CM9046PLJ,Tablet,SAMSUNG-SM-T295N(A8-2019),,Beli,PO20191107,Cek,,DPKAC2-HAIKAL FOBRIAN,030028,WILAYAH BODEBEK,,,359306102322516,,
R9CM9047CKJ,Tablet,SAMSUNG-SM-T295N(A8-2019),,Beli,PO20191107,Hilang,,,030028,WILAYAH BODEBEK,,,359306102329016,,HILANG
R9CM9047GTJ,Tablet,SAMSUNG-SM-T295N(A8-2019),,Beli,PO20191107,Cek,,,030028,WILAYAH BODEBEK,,,359306102330329,,Charlie Frengkie Simangungsong (MT Sales Supervisor AEB Div AB3) ASSET BLM BALIK
R9CM9047HTJ,Tablet,SAMSUNG-SM-T295N(A8-2019),,Beli,PO20191107,Cek,,,030028,WILAYAH BODEBEK,,,359306102330634,,Ronald Siagian (Sales Supervisor Div AB4) ASSET BLM BALIK
R9CM9048MWJ,Tablet,SAMSUNG-SM-T295N(A8-2019),,Beli,PO20191107,Hilang,,,030028,WILAYAH BODEBEK,,,359306102341193,,HILANG
R9CM9049YQJ,Tablet,SAMSUNG-SM-T295N(A8-2019),,Beli,PO20191107,Hilang,,,030028,WILAYAH BODEBEK,,,359306102353552,,HILANG
R9CM904AAFJ,Tablet,SAMSUNG-SM-T295N(A8-2019),,Beli,PO20191107,Hilang,,,030028,WILAYAH BODEBEK,,,359306102357199,,Suditno Halomoon ( Sales Supervisor Div AB2) ASSET BLM BALIK (DKI)
R9CM904AVBJ,Tablet,SAMSUNG-SM-T295N(A8-2019),,Beli,PO20191107,Hilang,,,030028,WILAYAH BODEBEK,,,359306102362116,,Yohanes Eko (Mutasi Banten) ASSET BLM BALIK
R9CM904AXYJ,Tablet,SAMSUNG-SM-T295N(A8-2019),,Beli,PO20191107,Cek,,,030028,WILAYAH BODEBEK,,,359306102362918,,Garry Friedriek Arnold (Sales Supervisor Div AB2) ASSET BLM BALIK
R9CM904CF0J,Tablet,SAMSUNG-SM-T295N(A8-2019),,Beli,PO20191107,Cek,,,030028,WILAYAH BODEBEK,,,359306102377817,,Oktavianus Chandra (ASM) ASSET BLM BALIK
R9CM904CX4J,Tablet,SAMSUNG-SM-T295N(A8-2019),,Beli,PO20191107,Cek,,,030028,WILAYAH BODEBEK,,,359306102381884,,
R9CM904D05J,Tablet,SAMSUNG-SM-T295N(A8-2019),,Beli,PO20191107,Cek,,,030028,WILAYAH BODEBEK,,,359306102382825,,
R9CM904D1GJ,Tablet,SAMSUNG-SM-T295N(A8-2019),,Beli,PO20191107,Cek,,,030702,DP BEKASI,,,359306102383245,,
R9CM904D1XJ,Tablet,SAMSUNG-SM-T295N(A8-2019),,Beli,PO20191107,Hilang,,,030028,WILAYAH BODEBEK,,,359306102383369,,HILANG
R9CM904D2HJ,Tablet,SAMSUNG-SM-T295N(A8-2019),,Beli,PO20191107,Cek,,CKRSPC-WAWANG ISWANTO,030705,DP CIKARANG,,,359306102383567,,
R9CM904D2MJ,Tablet,SAMSUNG-SM-T295N(A8-2019),,Beli,PO20191107,Cek,,,030028,WILAYAH BODEBEK,,,359306102383591,,
R9CM904D31J,Tablet,SAMSUNG-SM-T295N(A8-2019),,Beli,PO20191107,Hilang,,,030028,WILAYAH BODEBEK,,,359306102383716,,HILANG
R9CM904D38J,Tablet,SAMSUNG-SM-T295N(A8-2019),,Beli,PO20191107,Hilang,,,030028,WILAYAH BODEBEK,,,359306102383781,,Harmoko Hutapea (Sales Supervisor Div AB2) ASSET BLM BALIK
R9CM904DC7J,Tablet,SAMSUNG-SM-T295N(A8-2019),,Beli,PO20191107,Hilang,,,030028,WILAYAH BODEBEK,,,359306102386560,,Halen Giovano Mogot (MT Sales Supervisor AEB Div AB5) ASSET BLM BALIK
R9CM904DCFJ,Tablet,SAMSUNG-SM-T295N(A8-2019),,Beli,PO20191107,Hilang,,,030028,WILAYAH BODEBEK,,,359306102386644,,HILANG
R9CMA0D4HAJ,Tablet,SAMSUNG-SM-T295N(A8-2019),,Beli,PO20191107,Cek,,,030028,WILAYAH BODEBEK,,,359306102637640,,
R9CMA0D4NEJ,Tablet,SAMSUNG-SM-T295N(A8-2019),,Beli,PO20191107,Cek,,,030028,WILAYAH BODEBEK,,,359306102638929,,baterai gelembung
R9CN40389ZJ,Tablet,SAMSUNG TAB A,,Beli,PO20210227,Cek,,,030028,WILAYAH BODEBEK,,,359306103781553,,Manuel (RSM) ASSET BLM BALIK
R9CN404GBYJ,Tablet,SAMSUNG TAB A,,Beli,PO20210227,Cek,,,030028,WILAYAH BODEBEK,,,359306103875355,,Leonathan Adityakusuma (SUDAH PROSES PEMOTONGAN GAJI)
R9CN404WZYJ,Tablet,SAMSUNG TAB A,,Beli,PO20210227,Cek,,,030028,WILAYAH BODEBEK,,,359306103936959,,baik
R9CN404X0AJ,Tablet,SAMSUNG TAB A,,Beli,PO20210227,Cek,,,030028,WILAYAH BODEBEK,,,359306103937072,,
R9CN404X6HJ,Tablet,SAMSUNG TAB A,,Beli,PO20210227,Cek,,,030028,WILAYAH BODEBEK,,,359306103939003,,baik
R9CN404XDXJ,Tablet,SAMSUNG TAB A,,Beli,PO20210227,Cek,,,030028,WILAYAH BODEBEK,,,359306103941280,,Valentinus Gilang Artana (ASM AB4) ASSET BLM BALIK
R9CN404XRVJ,Tablet,SAMSUNG TAB A,,Beli,PO20210227,Cek,,,030028,WILAYAH BODEBEK,,,359306103944672,,Anthoni Brian (Sales Supervisor Div AB3) ASSET BLM BALIK (JBT)
R9CN404XXDJ,Tablet,SAMSUNG TAB A,,Beli,PO20210227,Cek,,,030028,WILAYAH BODEBEK,,,359306103945786,,baik
R9CN404Y2DJ,Tablet,SAMSUNG TAB A,,Beli,PO20210227,Hilang,,,030028,WILAYAH BODEBEK,,,359306103947337,,HILANG
R9CN40AY26J,Tablet,SAMSUNG TAB A,,Beli,PO20210227,Cek,,,030028,WILAYAH BODEBEK,,,359306104788722,,baik
R9CN40AYAKJ,Tablet,SAMSUNG TAB A,,Beli,PO20210227,Cek,,,030028,WILAYAH BODEBEK,,,359306104791320,,baik
R9R6RA9410701629,Tablet,Huawei Mediapad,,Beli,RPC140804,Jual,,,030028,WILAYAH BODEBEK,,,,,
R9R6RA9410701729,Tablet,Huawei Mediapad,,Beli,RPC140804,Jual,,,030028,WILAYAH BODEBEK,,,,,
R9RX200Z6LP,Tablet,GALAXY TAB A9,,Beli,ARTABOGA,Cek,,KRWAC2-CENG ROHMAT,030722,DP KARAWANG,,,352726190681548,,
R9RX200Z6ML,Tablet,GALAXY TAB A9,,Beli,ARTABOGA,Cek,,KRWOTA-BAHRUDIN ALI,030722,DP KARAWANG,,,352726190681555,,
R9RX200Z84X,Tablet,GALAXY TAB A9,,Beli,ARTABOGA,Cek,,CKRBG2-FERRY HARI A,030705,DP CIKARANG,,,352726190682041,,
R9RX200ZA9M,Tablet,GALAXY TAB A9,,Beli,ARTABOGA,Cek,D23007553,,030604,DP CILEUNGSI,B9521BCV,,352726190682751,,
R9RX200ZB9V,Tablet,GALAXY TAB A9,,Beli,ARTABOGA,Cek,X03060413,,030604,DP CILEUNGSI,B9482BCX,,352726190683080,,
R9RX200ZC4W,Tablet,GALAXY TAB A9,,Beli,ARTABOGA,Cek,,BKSBG2-RAMDHAN I,030702,DP BEKASI,,,352726190683361,,
R9RX200ZCMF,Tablet,GALAXY TAB A9,,Beli,ARTABOGA,Cek,,KRWOTA-MR X,030722,DP KARAWANG,,,352726190683536,,
R9RX200ZDGE,Tablet,GALAXY TAB A9,,Beli,ARTABOGA,Cek,D19009036,,030604,DP CILEUNGSI,B9724BCQ,,352726190683817,,
R9RX200ZECK,Tablet,GALAXY TAB A9,,Beli,ARTABOGA,Cek,,CKRAC2-RYZKI DARMAWAN,030705,DP CIKARANG,,,352726190684104,,
R9RX200ZJ8T,Tablet,GALAXY TAB A9,,Beli,ARTABOGA,Cek,,CKRSC2-YOPI LISTYAWAN,030705,DP CIKARANG,,,352726190685382,,
R9RX2017B2L,Tablet,GALAXY TAB A9,,Beli,ARTABOGA,Cek,,DPKAC2-SUKMA WIJAYA,030610,DP DEPOK,,,352726190701718,,
R9RX2017CRF,Tablet,GALAXY TAB A9,,Beli,ARTABOGA,Cek,,DPKBG3-BAYU IRAWAN,030610,DP DEPOK,,,352726190702278,,
R9RX2017HQN,Tablet,GALAXY TAB A9,,Beli,ARTABOGA,Cek,,BGRAC2-M DEDI ROSADA,030028,WILAYAH BODEBEK,,,352726190703912,,baterai gelembung
R9RX2017KXN,Tablet,GALAXY TAB A9,,Beli,ARTABOGA,Cek,D24005791,,030705,DP CIKARANG,B9392BCU,,352726190704639,,
R9RX2017LGJ,Tablet,GALAXY TAB A9,,Beli,ARTABOGA,Cek,,BGRBG2- HERMAN SOFIAN,030028,WILAYAH BODEBEK,,,352726190704829,,baterai gelembung
R9RX2017LPZ,Tablet,GALAXY TAB A9,,Beli,ARTABOGA,Cek,,BKSAC2-RIFQI ARIF RAFIQIN,030702,DP BEKASI,,,352726190704894,,
R9RX2017LVP,Tablet,GALAXY TAB A9,,Beli,ARTABOGA,Cek,,BKSOTA-REORI AJI B,030702,DP BEKASI,,,352726190704944,,
R9RX20183RJ,Tablet,GALAXY TAB A9,,Beli,ARTABOGA,Cek,,,030028,WILAYAH BODEBEK,,,352726190710198,,"pecah,bocor"
R9RX20184HM,Tablet,GALAXY TAB A9,,Beli,ARTABOGA,Cek,,CKRBG3-MUHAMMAD,030705,DP CIKARANG,,,352726190710446,,
R9RX20189PK,Tablet,GALAXY TAB A9,,Beli,ARTABOGA,Cek,,BKSAC2-SETO DANI E,030702,DP BEKASI,,,352726190712152,,
R9RX2018JMM,Tablet,GALAXY TAB A9,,Beli,ARTABOGA,Cek,D18004640,,030604,DP CILEUNGSI,B9979BCN,,352726190715106,,
R9RX2018PFE,Tablet,GALAXY TAB A9,,Beli,ARTABOGA,Cek,,CLGOTA-EKO WAHYUDI,030604,DP CILEUNGSI,,,352726190716690,,
R9RX2018V1Y,Tablet,GALAXY TAB A9,,Beli,ARTABOGA,Cek,,BKSOTA-BELANTIKA SHEREN A,030702,DP BEKASI,,,352726190718209,,
R9RX2019V5W,Tablet,GALAXY TAB A9,,Beli,ARTABOGA,Cek,,CMPAC2-IRVAN SUHENDAR,030601,DP CIAMPEA,,,352726190729131,,
R9RX2019V8J,Tablet,GALAXY TAB A9,,Beli,ARTABOGA,Cek,D19007541,,030604,DP CILEUNGSI,B9749BCX,,352726190729164,,
R9RX2019V9D,Tablet,GALAXY TAB A9,,Beli,ARTABOGA,Cek,,BGRBG2-INDRA SETIAWAN,030601,DP BOGOR,,,352726190729172,,
R9RX2019VAT,Tablet,GALAXY TAB A9,,Beli,ARTABOGA,Cek,,KRWBG2-SIS KRISNA ARIFATHIR,030722,DP KARAWANG,,,352726190729180,,
R9RX2019XLE,Tablet,GALAXY TAB A9,,Beli,ARTABOGA,Cek,,CMPSC1-MR X,030705,DP CIAMPEA,,,352726190729941,,
R9RX2019XYN,Tablet,GALAXY TAB A9,,Beli,ARTABOGA,Cek,,DPKBG3-GUNAWAN AFRIANSYAH,030601,DP DEPOK,,,352726190730055,,
R9RX2019Y3V,Tablet,GALAXY TAB A9,,Beli,ARTABOGA,Cek,,,030028,WILAYAH BODEBEK,,,352726190730105,,lcd pecah
R9RX2019Y8B,Tablet,GALAXY TAB A9,,Beli,ARTABOGA,Cek,,CKRBG2-MUHAMAD IDRIS,030705,DP CIKARANG,,,352726190730154,,
R9RX201A0QT,Tablet,GALAXY TAB A9,,Beli,ARTABOGA,Cek,,DPKSC2-M RIDHO Z,030028,WILAYAH BODEBEK,,,352726190730972,,WILAYAH BODEBEK
R9RX201A1PN,Tablet,GALAXY TAB A9,,Beli,ARTABOGA,Cek,,BGRAC2-DEDEN SUHERMAN,030028,WILAYAH BODEBEK,,,352726190731293,,baterai gelembung
R9RX201A1XV,Tablet,GALAXY TAB A9,,Beli,ARTABOGA,Cek,,KRWBG2-ABDULAH TONI,030722,DP KARAWANG,,,352726190731368,,
R9RX201A26W,Tablet,GALAXY TAB A9,,Beli,ARTABOGA,Cek,,BGRBG3-FERDINANDUS LUMIKA,030601,DP BOGOR,,,352726190731459,,
R9RX201A2QY,Tablet,GALAXY TAB A9,,Beli,ARTABOGA,Cek,,CMPAC2-RIYO HARDIANA D,030601,DP CIAMPEA,,,352726190731632,,
R9RX201A36L,Tablet,GALAXY TAB A9,,Beli,ARTABOGA,Cek,,BGRBG2-ADE ANAS,030601,DP BOGOR,,,352726190731780,,
R9RX201A56Z,Tablet,GALAXY TAB A9,,Beli,ARTABOGA,Cek,,CKRBG2-EKO PRAMONO,030705,DP CIKARANG,,,352726190732440,,
R9RX201A5XP,Tablet,GALAXY TAB A9,,Beli,ARTABOGA,Cek,,CKRBG2-ALWI DIAN P,030705,DP CIKARANG,,,352726190732689,,
R9RX201A66A,Tablet,GALAXY TAB A9,,Beli,ARTABOGA,Cek,,,030601,DP BOGOR,,,352726190732770,,DP BOGOR
R9RX201A8BR,Tablet,GALAXY TAB A9,,Beli,ARTABOGA,Cek,,KRWSPC-MUHAMMAD HICHAM A,030722,DP KARAWANG,,,352726190733489,,
R9RX201A8TJ,Tablet,GALAXY TAB A9,,Beli,ARTABOGA,Cek,,KRWOTA-AKTA PRIMA NUGRAHA,030722,DP KARAWANG,,,352726190733646,,DP KARAWANG
R9RX201A8YA,Tablet,GALAXY TAB A9,,Beli,ARTABOGA,Cek,,CMPOTA-DEVI ANDRI A,030601,DP CIAMPEA,,,352726190733687,,
R9RX201A9LX,Tablet,GALAXY TAB A9,,Beli,ARTABOGA,Cek,,BGRBG3-MUHAMAD RIO H,030601,DP BOGOR,,,352726190733901,,
R9RX201AA0V,Tablet,GALAXY TAB A9,,Beli,ARTABOGA,Cek,,CKRBG3-MUHAMMAD IMRON N,030705,DP CIKARANG,,,352726190734032,,
R9RXA04YBRV,Tablet,Samsung Galaxy A04,,Beli,BDB,Cek,,KRWOTA-ADAM HABIB,030722,DP KARAWANG,,,352726191422934,,
R9RXA04YD4R,Tablet,Samsung Galaxy A04,,Beli,DPK,Cek,,DPKBG2-HELMI RIZKI,030610,DP DEPOK,,,352726191423387,,
R9RXA04YF9N,Tablet,Samsung Galaxy A04,,Beli,CKR,Cek,,CKRBG3-NIKO GEOFANNI R,030705,DP CIKARANG,,,352726191424096,,
R9RXA04YGYN,Tablet,Samsung Galaxy A04,,Beli,DPK,Cek,,DPKOTA-FADLHUR RAHMAN,030610,DP DEPOK,,,352726191424641,,
R9RXA04YK2N,Tablet,Samsung Galaxy A04,,Beli,DPK,Hilang,,,030610,DP DEPOK,,,352726191425341,,HILANG
R9RXA04YK9F,Tablet,Samsung Galaxy A04,,Beli,CLG,Cek,,CLGBG3-AHMAD FAHMI,030604,DP CILEUNGSI,,,352726191425416,,
R9RXA050BTX,Tablet,Samsung Galaxy A04,,Beli,CMP,Cek,,CLGOTA-MUHAMAD TADZIRI,030604,DP CIAMPEA,,,352726191427602,,
R9RXA050LMY,Tablet,Samsung Galaxy A04,,Beli,BDB,Cek,,KRWBG2-AGUS MAULANA,030722,DP KARAWANG,,,352726191430515,,
R9RXA050MDN,Tablet,Samsung Galaxy A04,,Beli,KRW,Cek,,BGRSC2-NADI PRASTAMA,030601,DP BOGOR,,,352726191430762,,
R9RXA050MGL,Tablet,Samsung Galaxy A04,,Beli,BDB,Cek,,KRWBG3-DIKI FIRDAUS,030722,DP KARAWANG,,,352726191430796,,
R9RXA050MXZ,Tablet,Samsung Galaxy A04,,Beli,CKR,Cek,,CKRCKH-MUHAMMAD NUR FADLY,030705,DP CIKARANG,,,352726191430937,,
R9RXA050N0L,Tablet,Samsung Galaxy Tab A9,,Beli,CMP,Hilang,,,030603,DP CIAMPEA,,,352726191430960,,HILANG
R9RXA050NYW,Tablet,Samsung Galaxy A04,,Beli,CMP,Cek,,,030028,DP CIAMPEA,,,352726191431273,,
R9RXA050P8J,Tablet,Samsung Galaxy A04,,Beli,CLG,Cek,,CLGBG2-TRIANDI SEPTIANUR K,030604,DP CILEUNGSI,,,352726191431372,,
R9RXA050PAB,Tablet,Samsung Galaxy A04,,Beli,CMP,Cek,,CMPBG2-MAZID ROHWANSYAH,030601,DP CIAMPEA,,,352726191431398,,
R9RXA050PGT,Tablet,Samsung Galaxy A04,,Beli,KRW,Cek,,BGRBG3-ARDI RAIHANSYAH R,030601,DP BOGOR,,,352726191431455,,
R9RXA050PKN,Tablet,Samsung Galaxy A04,,Beli,CMP,Cek,,CMPOTA-FIRMANSYAH,030601,DP CIAMPEA,,,352726191431489,,
R9RXA050PPK,Tablet,Samsung Galaxy A04,,Beli,BDB,Cek,,KRWAC2-ZAMALUDIN,030722,DP KARAWANG,,,352726191431521,,
R9RXA050Q1Z,Tablet,Samsung Galaxy A04,,Beli,KRW,Cek,,BGRBG2-ADAM RAMDANI,030601,DP BOGOR,,,352726191431638,,
R9RXA050QGE,Tablet,Samsung Galaxy A04,,Beli,BKS,Cek,,BKSSC2-AGUS SAPUTRO,030702,DP BEKASI,,,352726191431786,,
R9RXA050QVX,Tablet,Samsung Galaxy A04,,Beli,BKS,Cek,,BKSAC2-FEDRIAN PUTRA P,030702,DP BEKASI,,,352726191431901,,
R9RXA050SSZ,Tablet,Samsung Galaxy A04,,Beli,CKR,Cek,,CKRBG3-JUANDA MORGAN S,030705,DP CIKARANG,,,352726191432545,,
R9RXA050STP,Tablet,Samsung Galaxy A04,,Beli,CLG,Cek,,CLGSC2-IGNASIUS ARIANDA,030604,DP CILEUNGSI,,,352726191432552,,
R9RXA050T7H,Tablet,Samsung Galaxy A04,,Beli,KRW,Cek,,BGROTA-BAMBANG R,030601,DP BOGOR,,,352726191432685,,
R9RXA050T9T,Tablet,Samsung Galaxy A04,,Beli,CMP,Cek,,CKRBDX-JAYADI,030705,DP CIAMPEA,,,352726191432701,,DP CIKARANG
R9RXA050TAZ,Tablet,Samsung Galaxy A04,,Beli,CMP,Cek,,CMPBG3-SAEFUL GUNAWAN,030610,DP CIAMPEA,,,352726191432719,,
R9RXA050W9B,Tablet,Samsung Galaxy A04,,Beli,DPK,Cek,,DPKAC2-RAHMAT SARMILIH,030610,DP DEPOK,,,352726191433360,,
R9RXA050WGZ,Tablet,Samsung Galaxy A04,,Beli,CLG,Cek,,CLGAC2-MOHAMMAD SHOYAN S,030604,DP CILEUNGSI,,,352726191433436,,
R9RXA050XKZ,Tablet,Samsung Galaxy A04,,Beli,BKS,Cek,,BKSAC2-DIMAS ARDIANTO,030702,DP BEKASI,,,352726191433790,,
R9RXA050XSA,Tablet,Samsung Galaxy A04,,Beli,CMP,Cek,,BGRBG3-RAFI NURRAHMAN,030601,DP BOGOR,,,352726191433865,,
R9RXA050Y4P,Tablet,Samsung Galaxy A04,,Beli,BKS,Cek,,BKSAC2-FARIZHAQ YOGA M,030702,DP BEKASI,,,352726191433972,,
R9RXA050ZCK,Tablet,Samsung Galaxy A04,,Beli,BKS,Cek,,BKSBG2-REORI AJI BAMBANG,030702,DP BEKASI,,,352726191434384,,
R9RXA05106W,Tablet,Samsung Galaxy A04,,Beli,BDB,Cek,,KRWOTA-SEPTIAN ARDITYA WIDIANT,030722,DP KARAWANG,,,352726191434657,,
R9RY4015TLB,Tablet,Samsung Galaxy A9,,Beli,PO20250507,Cek,,CKROTA-FENDI PRADANA,030705,DP CIKARANG,,,352726191977515,,
R9RY40326FK,Tablet,Samsung Galaxy A9,,Beli,PO20250507,Cek,,DPKAC2-ROBBY ILHAM RAMADHAN H,030610,DP DEPOK,,,352726192008831,,
R9RY403B0ZY,Tablet,Samsung Galaxy A9,,Beli,PO20250507,Cek,,BGRSC2-MR X,030601,DP BOGOR,,,352726192018681,,
R9RY403J3EF,Tablet,Samsung Galaxy A9,,Beli,PO20250507,Cek,,BGRAC2-UNTUNG JOHANI,030601,DP BOGOR,,,352726192028821,,
R9RY403V1CJ,Tablet,Samsung Galaxy A9,,Beli,PO20250507,Cek,,KRWSC2-IRWAN S,030722,DP KARAWANG,,,352726192030785,,
R9RY403VCTT,Tablet,Samsung Galaxy A9,,Beli,PO20250507,Cek,,BKSOTA-ALAM SHAFAAT,030702,DP BEKASI,,,352726192034563,,
R9RY403VEKP,Tablet,Samsung Galaxy A9,,Beli,PO20250507,Cek,,KRWBG3-AHMAD SAIFUR,030722,DP KARAWANG,,,352726192035149,,
R9RY403VF5W,Tablet,Samsung Galaxy A9,,Beli,PO20250507,Cek,,CLGBG2-ILHAM NUR HIDAYAT,030604,DP CILEUNGSI,,,352726192035339,,
R9RY506FHKP,Tablet,Samsung Galaxy A9,,Beli,PO20250605,Cek,,CLGAC2-JOSUA AHMAD T,030604,DP CILEUNGSI,,,352726192154676,,
R9RY506FJNP,Tablet,Samsung Galaxy A9,,Beli,PO20250605,Cek,,CLGBG2-ILHAM SEPTIA WIJAYA,030604,DP CILEUNGSI,,,352726192155038,,
R9RY506FJPV,Tablet,Samsung Galaxy A9,,Beli,PO20250605,Cek,,,030604,DP CILEUNGSI,,,352726192155046,,
R9RY506FJVM,Tablet,Samsung Galaxy A9,,Beli,PO20250605,Cek,,BKSBG3-MUHAMAD FATKHUROHMAN,030702,DP BEKASI,,,352726192155095,,
R9RY506FJZK,Tablet,Samsung Galaxy A9,,Beli,PO20250605,Cek,,BKSOTA-MR X,030702,DP BEKASI,,,352726192155137,,
R9RY506FKRP,Tablet,Samsung Galaxy A9,,Beli,PO20250605,Cek,,CKROTA-EDO SETIAWAN,030705,DP CIKARANG,,,352726192155392,,
R9RY506FKXY,Tablet,Samsung Galaxy A9,,Beli,PO20250605,Cek,,BKSOTA-MR X,030702,DP BEKASI,,,352726192155442,,
R9RY506FLNW,Tablet,Samsung Galaxy A9,,Beli,PO20250605,Cek,,BKSBG2-RAMDHAN I,030702,DP BEKASI,,,352726192155699,,
R9RY506FLVP,Tablet,Samsung Galaxy A9,,Beli,PO20250605,Cek,,BKSOTA-MUKHAMMAD SAEFUL,030702,DP BEKASI,,,352726192155756,,
R9RY506FMNK,Tablet,Samsung Galaxy A9,,Beli,PO20250605,Cek,,CKRAC2-DWI CAHYONO,030705,DP CIKARANG,,,352726192156028,,
R9RY506FMQA,Tablet,Samsung Galaxy A9,,Beli,PO20250605,Cek,,BKSBG3-JUNAEDI,030702,DP BEKASI,,,352726192156044,,
R9RY506FN5E,Tablet,Samsung Galaxy A9,,Beli,PO20250605,Cek,,BGROTA-ABDUL AZIZ,030601,DP BOGOR,,,352726192156184,,
R9RY506FN7H,Tablet,Samsung Galaxy A9,,Beli,PO20250605,Cek,,,030028,WILAYAH BODEBEK,,,352726192156200,,
R9RY506FP7L,Tablet,Samsung Galaxy A9,,Beli,PO20250605,Cek,,BKSOTA-MR X,030702,DP BEKASI,,,352726192156531,,
R9RY506FPQM,Tablet,Samsung Galaxy A9,,Beli,PO20250605,Cek,,,030028,WILAYAH BODEBEK,,,352726192156705,,
R9RY506FPSL,Tablet,Samsung Galaxy A9,,Beli,PO20250605,Cek,,BGROTA-HERU EKO SAPUTRA,030601,DP BOGOR,,,352726192156721,,DP BOGOR
R9RY506FQ2P,Tablet,Samsung Galaxy A9,,Beli,PO20250605,Cek,,,030028,WILAYAH BODEBEK,,,352726192156812,,
R9RY506FQ3V,Tablet,Samsung Galaxy A9,,Beli,PO20250605,Cek,,CKROTA- MUHAMMAD ADI R,030705,DP CIKARANG,,,352726192156820,,
R9RY506FQAL,Tablet,Samsung Galaxy A9,,Beli,PO20250605,Cek,,,030028,WILAYAH BODEBEK,,,352726192156895,,
R9RY506FQEA,Tablet,Samsung Galaxy A9,,Beli,PO20250605,Cek,,DPKBG2-DE YOSHIRO GORE,030610,DP DEPOK,,,352726192156937,,
R9RY506FQFW,Tablet,Samsung Galaxy A9,,Beli,PO20250605,Cek,,KRWAC2-UJANG DEDI SUPRIATNA,030722,DP KARAWANG,,,352726192156945,,
R9RY506FQHT,Tablet,Samsung Galaxy A9,,Beli,PO20250605,Cek,,DPKAC2-RAHMAT SARMILIH,030610,DP DEPOK,,,352726192156960,,
R9RY506FQJF,Tablet,Samsung Galaxy A9,,Beli,PO20250605,Cek,,KRWAC2-AHMAD NASIKIN,030722,DP KARAWANG,,,352726192156978,,
R9RY506FQKZ,Tablet,Samsung Galaxy A9,,Beli,PO20250605,Cek,,KRWBG3-RIDWAN NUR HAKIM,030722,DP KARAWANG,,,352726192156986,,
R9RY506FQRR,Tablet,Samsung Galaxy A9,,Beli,PO20250605,Cek,,CKRCKH-MUHAMAD RUDI,030705,DP CIKARANG,,,352726192157042,,
R9RY506FQXE,Tablet,Samsung Galaxy A9,,Beli,PO20250605,Cek,,CKROTA-MUHAMMAD REZKI B,030705,DP CIKARANG,,,352726192157091,,
R9RY506FQZH,Tablet,Samsung Galaxy A9,,Beli,PO20250605,Cek,,,030028,WILAYAH BODEBEK,,,352726192157117,,
R9RY506FR0X,Tablet,Samsung Galaxy A9,,Beli,PO20250605,Cek,,KRWOTA-MR X,030722,DP KARAWANG,,,352726192157125,,
R9RY506FS0H,Tablet,Samsung Galaxy A9,,Beli,PO20250605,Cek,,,030028,WILAYAH BODEBEK,,,352726192157455,,
R9RY506FSRZ,Tablet,Samsung Galaxy A9,,Beli,PO20250605,Cek,,KRWOTA-DEVID ADINUGRAHA,030722,DP KARAWANG,,,352726192157703,,
R9RY506FWQD,Tablet,Samsung Galaxy A9,,Beli,PO20250605,Cek,,BGROTA-ADITYA N,030601,DP BOGOR,,,352726192158685,,
R9RY506FWVH,Tablet,Samsung Galaxy A9,,Beli,PO20250605,Cek,,DPKBG3-SAEFUL GUNAWAN,030610,DP DEPOK,,,352726192158727,,
R9RY506FZYY,Tablet,Samsung Galaxy A9,,Beli,PO20250605,Cek,,CKROTA-ZAINUL FARIS,030705,DP CIKARANG,,,352726192159741,,
R9RY506G03W,Tablet,Samsung Galaxy A9,,Beli,PO20250605,Cek,,,030028,WILAYAH BODEBEK,,,352726192159790,,
R9RY506G05T,Tablet,Samsung Galaxy A9,,Beli,PO20250605,Cek,,CKROTA-MUHAMAD YUSUF,030705,DP CIKARANG,,,352726192159816,,
R9RY506G0GD,Tablet,Samsung Galaxy A9,,Beli,PO20250605,Cek,,BGRAC2-MUHAMMAD TEGUH F,030601,DP BOGOR,,,352726192159923,,
R9RY506G3XA,Tablet,Samsung Galaxy A9,,Beli,PO20250605,Cek,,DPKBG2-HERI MAULANA,030610,DP DEPOK,,,352726192161051,,
R9RY506G4JF,Tablet,Samsung Galaxy A9,,Beli,PO20250605,Cek,,BGROTA-MUHAMAD DANU WARSA,030601,DP BOGOR,,,352726192161267,,
R9RY506G5EE,Tablet,Samsung Galaxy A9,,Beli,PO20250605,Cek,,BGRAC2-MR X,030601,DP BOGOR,,,352726192161556,,
R9RY506G6HE,Tablet,Samsung Galaxy A9,,Beli,PO20250605,Cek,,CKRAC2-ASEP ABDURROMAN,030705,DP CIKARANG,,,352726192161911,,
R9RY506G81M,Tablet,Samsung Galaxy A9,,Beli,PO20250605,Cek,,,030028,WILAYAH BODEBEK,,,352726192162414,,
R9RY506G84E,Tablet,Samsung Galaxy A9,,Beli,PO20250605,Cek,,BGROTA-IRVAN SUHENDAR,030601,DP BOGOR,,,352726192162448,,
R9RY506G8AT,Tablet,Samsung Galaxy A9,,Beli,PO20250605,Cek,,,030028,WILAYAH BODEBEK,,,352726192162505,,
R9RY506GG08J,Tablet,Samsung Galaxy A9,,Beli,PO20250605,Cek,,KRWSC2-SUHENDI,030722,DP KARAWANG,,,352726192159840,,
R9RY506QQ2H,Tablet,Samsung Galaxy A9,,Beli,PO20250605,Cek,,CLGOTA-TUNIRI,030604,DP CILEUNGSI,,,352726192176026,,
R9RY506QQ5X,Tablet,Samsung Galaxy A9,,Beli,PO20250605,Cek,,CLGBG3-FARHAN APRIYANTO,030604,DP CILEUNGSI,,,352726192176059,,
R9RY506QQWP,Tablet,Samsung Galaxy A9,,Beli,PO20250605,Cek,,BGRDAF-MR X,030604,DP CILEUNGSI,,,352726192176299,,
R9RY506QQXV,Tablet,Samsung Galaxy A9,,Beli,PO20250605,Cek,,,030028,WILAYAH BODEBEK,,,352726192176307,,
R9RY506QR4K,Tablet,Samsung Galaxy A9,,Beli,PO20250605,Cek,,CLG-MR X,030604,DP CILEUNGSI,,,352726192176372,,
R9RY600BFTA,Tablet,Samsung Tab 9,,Beli,PO20251807,Cek,,,030028,WILAYAH BODEBEK,,,352726192199549,,
R9RY600C4XM,Tablet,Samsung Tab 9,,Beli,PO20251807,Pakai,,CLGAC2-INDRA PERMANA,030604,DP CILEUNGSI,,,352726192206831,,
R9RY701HKVK,Tablet,Samsung Tab 9,,Beli,PO20251411,Cek,,,030028,WILAYAH BODEBEK,,,352726192373334,,
RF2F118ESYL,Tablet,SAMSUNG-SM-T211(Tab7),,Beli,PO20140220,Cek,,,030601,DP BOGOR,,,359094050447523,,
RF2F118ET3Z,Tablet,SAMSUNG-SM-T211(Tab7),,Pengganti sementara,PO20140220,Jual,,,030028,WILAYAH BODEBEK,,,359094050447572,,KIRIM KE PUSAT
RF2F118ETJV,Tablet,SAMSUNG-SM-T211(Tab7),,Pengganti sementara,PO20140220,Jual,,,030028,WILAYAH BODEBEK,,,359094050447721,,KIRIM KE PUSAT
RF2F118EVHR,Tablet,SAMSUNG-SM-T211(Tab7),,Pengganti sementara,PO20140220,Jual,,,030028,WILAYAH BODEBEK,,,359094050448042,,KIRIM KE PUSAT
RF2F118EVTM,Tablet,SAMSUNG-SM-T211(Tab7),,Pengganti sementara,PO20140220,Jual,,,030028,WILAYAH BODEBEK,,,359094050448141,,KIRIM KE PUSAT
RF2F118F0AT,Tablet,,,,,,,,,,,,,,KIRIM KE PUSAT
RF2F118F23V,Tablet,SAMSUNG-SM-T211(Tab7),,Pengganti sementara,PO20140220,Jual,,,030028,WILAYAH BODEBEK,,,359094050450212,,KIRIM KE PUSAT
RF2F118F3FJ,Tablet,SAMSUNG-SM-T211(Tab7),,Pengganti sementara,PO20140220,Jual,,,030028,WILAYAH BODEBEK,,,359094050450667,,KIRIM KE PUSAT
RF2F118F3SY,Tablet,SAMSUNG-SM-T211(Tab7),,Pengganti sementara,PO20140220,Jual,,,030028,WILAYAH BODEBEK,,,359094050450774,,KIRIM KE PUSAT
RF2F118F48F,Tablet,SAMSUNG-SM-T211(Tab7),,Beli,PO20140220,Cek,,,030601,DP BOGOR,,,359094050450923,,
RF2F118F5XF,Tablet,,,,,,,,,,,,,,KIRIM KE PUSAT
RF2F118F95V,Tablet,SAMSUNG-SM-T211(Tab7),,Pengganti sementara,PO20140220,Jual,,,030028,WILAYAH BODEBEK,,,359094050452549,,KIRIM KE PUSAT
RF2F118F97E,Tablet,SAMSUNG-SM-T211(Tab7),,Beli,PO20140220,Cek,,,030028,WILAYAH BODEBEK,,,359094050452564,,
RF2F118F9CK,Tablet,SAMSUNG-SM-T211(Tab7),,Pengganti sementara,PO20140220,Jual,,,030028,WILAYAH BODEBEK,,,359094050452614,,KIRIM KE PUSAT
RF2F118F9GD,Tablet,SAMSUNG-SM-T211(Tab7),,Pengganti sementara,PO20140220,Jual,,,030028,WILAYAH BODEBEK,,,359094050452655,,KIRIM KE PUSAT
RF2F118F9ZX,Tablet,SAMSUNG-SM-T211(Tab7),,Pengganti sementara,PO20140220,Jual,,,030028,WILAYAH BODEBEK,,,359094050452812,,KIRIM KE PUSAT
RF2F118FBJK,Tablet,SAMSUNG-SM-T211(Tab7),,Pengganti sementara,PO20140220,Jual,,,030028,WILAYAH BODEBEK,,,359094050453331,,KIRIM KE PUSAT
RF2F118FC9P,Tablet,SAMSUNG-SM-T211(Tab7),,Pengganti sementara,PO20140220,Jual,,,030028,WILAYAH BODEBEK,,,359094050453570,,KIRIM KE PUSAT
RF2F118FD3N,Tablet,SAMSUNG-SM-T211(Tab7),,Beli,PO20140220,Cek,,,030601,DP BOGOR,,,359094050453844,,
RF2F118FD8B,Tablet,SAMSUNG-SM-T211(Tab7),,Pengganti sementara,PO20140220,Jual,,,030028,WILAYAH BODEBEK,,,359094050453893,,KIRIM KE PUSAT
RF2F118FD9D,Tablet,SAMSUNG-SM-T211(Tab7),,Pengganti sementara,PO20140220,Jual,,,030028,WILAYAH BODEBEK,,,359094050453901,,KIRIM KE PUSAT
RF2F118FDBT,Tablet,SAMSUNG-SM-T211(Tab7),,Pengganti sementara,PO20140220,Jual,,,030028,WILAYAH BODEBEK,,,359094050453927,,KIRIM KE PUSAT
RF2F118FE4W,Tablet,SAMSUNG-SM-T211(Tab7),,Pengganti sementara,PO20140220,Jual,,,030028,WILAYAH BODEBEK,,,359094050454180,,KIRIM KE PUSAT
RF2F118FE6N,Tablet,SAMSUNG-SM-T211(Tab7),,Pengganti sementara,PO20140220,Jual,,,030028,WILAYAH BODEBEK,,,359094050454206,,KIRIM KE PUSAT
RF2F118FE7M,Tablet,SAMSUNG-SM-T211(Tab7),,Pengganti sementara,PO20140220,Jual,,,030028,WILAYAH BODEBEK,,,359094050454214,,KIRIM KE PUSAT
RF2F118FFZJ,Tablet,SAMSUNG-SM-T211(Tab7),,Pengganti sementara,PO20140220,Jual,,,030028,WILAYAH BODEBEK,,,359094050454792,,KIRIM KE PUSAT
RF2F118FH1B,Tablet,SAMSUNG-SM-T211(Tab7),,Pengganti sementara,PO20140220,Jual,,,030028,WILAYAH BODEBEK,,,359094050455146,,KIRIM KE PUSAT
RF2F118FHPT,Tablet,SAMSUNG-SM-T211(Tab7),,Pengganti sementara,PO20140220,Jual,,,030028,WILAYAH BODEBEK,,,359094050455369,,KIRIM KE PUSAT
RF2F118FJDV,Tablet,SAMSUNG-SM-T211(Tab7),,Pengganti sementara,PO20140220,Jual,,,030028,WILAYAH BODEBEK,,,359094050455591,,KIRIM KE PUSAT
RF2F118FJFE,Tablet,SAMSUNG-SM-T211(Tab7),,Pengganti sementara,PO20140220,Jual,,,030028,WILAYAH BODEBEK,,,359094050455617,,KIRIM KE PUSAT
RF2F118FJGW,Tablet,SAMSUNG-SM-T211(Tab7),,Pengganti sementara,PO20140220,Jual,,,030028,WILAYAH BODEBEK,,,359094050455625,,KIRIM KE PUSAT
RF2F118FJHZ,Tablet,SAMSUNG-SM-T211(Tab7),,Pengganti sementara,PO20140220,Jual,,,030028,WILAYAH BODEBEK,,,359094050455633,,KIRIM KE PUSAT
RF2F118FJQD,Tablet,SAMSUNG-SM-T211(Tab7),,Pengganti sementara,PO20140220,Jual,,,030028,WILAYAH BODEBEK,,,359094050455708,,KIRIM KE PUSAT
RF2F118FMNV,Tablet,SAMSUNG-SM-T211(Tab7),,Pengganti sementara,PO20140220,Jual,,,030603,DP CIAMPEA,,,359094050456672,,KIRIM KE PUSAT
RF2F118FMPY,Tablet,,,,,,,,,,,,,,KIRIM KE PUSAT
RF2F118FMZB,Tablet,SAMSUNG-SM-T211(Tab7),,Pengganti sementara,PO20140220,Jual,,,030028,WILAYAH BODEBEK,,,359094050456771,,KIRIM KE PUSAT
RF2F118FN0T,Tablet,,,,,,,,,,,,,,KIRIM KE PUSAT
RF2F118FN9W,Tablet,SAMSUNG-SM-T211(Tab7),,Beli,PO20140220,Cek,,,030028,WILAYAH BODEBEK,,,359094050456870,,
RF2F118FNBN,Tablet,SAMSUNG-SM-T211(Tab7),,Pengganti sementara,PO20140220,Jual,,,030028,WILAYAH BODEBEK,,,359094050456896,,KIRIM KE PUSAT
RF2F118FNKT,Tablet,SAMSUNG-SM-T211(Tab7),,Pengganti sementara,PO20140220,Jual,,,030028,WILAYAH BODEBEK,,,359094050456979,,KIRIM KE PUSAT
RF2F118FNLP,Tablet,SAMSUNG-SM-T211(Tab7),,Pengganti sementara,PO20140220,Jual,,,030028,WILAYAH BODEBEK,,,359094050456987,,KIRIM KE PUSAT
RF2F118FP4P,Tablet,SAMSUNG-SM-T211(Tab7),,Pengganti sementara,PO20140220,Jual,,,030028,WILAYAH BODEBEK,,,359094050457159,,KIRIM KE PUSAT
RF2F118FPBE,Tablet,SAMSUNG-SM-T211(Tab7),,Beli,PO20140220,Cek,,,030601,DP BOGOR,,,359094050457225,,
RF2F118FQ7P,Tablet,SAMSUNG-SM-T211(Tab7),,Pengganti sementara,PO20140220,Jual,,,030028,WILAYAH BODEBEK,,,359094050457514,,KIRIM KE PUSAT
RF2F118FR6B,Tablet,SAMSUNG-SM-T211(Tab7),,Beli,PO20140220,Cek,,,030601,DP BOGOR,,08111140695,359094050457837,,
RF2F118FRCL,Tablet,SAMSUNG-SM-T211(Tab7),,Pengganti sementara,PO20140220,Jual,,,030028,WILAYAH BODEBEK,,,359094050457894,,KIRIM KE PUSAT
RF2F118FRGY,Tablet,SAMSUNG-SM-T211(Tab7),,Pengganti sementara,PO20140220,Jual,,,030028,WILAYAH BODEBEK,,,359094050457936,,KIRIM KE PUSAT
RF2F118FSBH,Tablet,SAMSUNG-SM-T211(Tab7),,Pengganti sementara,PO20140220,Jual,,,030028,WILAYAH BODEBEK,,,359094050458215,,KIRIM KE PUSAT
RF2F118FSDP,Tablet,SAMSUNG-SM-T211(Tab7),,Pengganti sementara,PO20140220,Jual,,,030028,WILAYAH BODEBEK,,,359094050458231,,KIRIM KE PUSAT
RF2F118FSFL,Tablet,SAMSUNG-SM-T211(Tab7),,Pengganti sementara,PO20140220,Jual,,,030028,WILAYAH BODEBEK,,,359094050458256,,KIRIM KE PUSAT
RF2F118FSHF,Tablet,SAMSUNG-SM-T211(Tab7),,Pengganti sementara,PO20140220,Jual,,,030028,WILAYAH BODEBEK,,,359094050458272,,KIRIM KE PUSAT
RF2F118FSRK,Tablet,SAMSUNG-SM-T211(Tab7),,Pengganti sementara,PO20140220,Jual,,,030028,WILAYAH BODEBEK,,,359094050458355,,KIRIM KE PUSAT
RF2F118FT8M,Tablet,SAMSUNG-SM-T211(Tab7),,Pengganti sementara,PO20140220,Jual,,,030028,WILAYAH BODEBEK,,,359094050458512,,KIRIM KE PUSAT
RF2F118FTGP,Tablet,SAMSUNG-SM-T211(Tab7),,Pengganti sementara,PO20140220,Jual,,,030028,WILAYAH BODEBEK,,,359094050458595,,KIRIM KE PUSAT
RF2F118FWSF,Tablet,SAMSUNG-SM-T211(Tab7),,Pengganti sementara,PO20140220,Jual,,,030028,WILAYAH BODEBEK,,,359094050459353,,KIRIM KE PUSAT
RF2F118FX6P,Tablet,SAMSUNG-SM-T211(Tab7),,Pengganti sementara,PO20140220,Jual,,,030028,WILAYAH BODEBEK,,,359094050459486,,KIRIM KE PUSAT
RF2F118FXZE,Tablet,SAMSUNG-SM-T211(Tab7),,Pengganti sementara,PO20140220,Jual,,,030028,WILAYAH BODEBEK,,,359094050459742,,KIRIM KE PUSAT
RF2F118G12F,Tablet,SAMSUNG-SM-T211(Tab7),,Pengganti sementara,PO20140220,Jual,,,030028,WILAYAH BODEBEK,,,359094050460765,,KIRIM KE PUSAT
RF2F118G1MF,Tablet,SAMSUNG-SM-T211(Tab7),,Pengganti sementara,PO20140220,Jual,,,030028,WILAYAH BODEBEK,,,359094050460955,,KIRIM KE PUSAT
RF2F118G1YJ,Tablet,SAMSUNG-SM-T211(Tab7),,Pengganti sementara,PO20140220,Jual,,,030028,WILAYAH BODEBEK,,,359094050461052,,KIRIM KE PUSAT
RF2F118G21P,Tablet,SAMSUNG-SM-T211(Tab7),,Pengganti sementara,PO20140220,Jual,,,030028,WILAYAH BODEBEK,,,359094050461086,,KIRIM KE PUSAT
RF2F118G22R,Tablet,SAMSUNG-SM-T211(Tab7),,Pengganti sementara,PO20140220,Jual,,,030028,WILAYAH BODEBEK,,,359094050461094,,KIRIM KE PUSAT
RF2F118G2BN,Tablet,SAMSUNG-SM-T211(Tab7),,Pengganti sementara,PO20140220,Jual,,,030028,WILAYAH BODEBEK,,,359094050461185,,KIRIM KE PUSAT
RF2F118G36L,Tablet,SAMSUNG-SM-T211(Tab7),,Pengganti sementara,PO20140220,Jual,,,030028,WILAYAH BODEBEK,,,359094050461466,,KIRIM KE PUSAT
RF2F118G38F,Tablet,SAMSUNG-SM-T211(Tab7),,Pengganti sementara,PO20140220,Jual,,,030028,WILAYAH BODEBEK,,,359094050461482,,KIRIM KE PUSAT
RF2F118G3BE,Tablet,SAMSUNG-SM-T211(Tab7),,Pengganti sementara,PO20140220,Jual,,,030028,WILAYAH BODEBEK,,,359094050461516,,KIRIM KE PUSAT
RF2F118G4BF,Tablet,SAMSUNG-SM-T211(Tab7),,Beli,PO20140220,Cek,,,030028,WILAYAH BODEBEK,,,359094050461847,,
RF2F118G4HN,Tablet,SAMSUNG-SM-T211(Tab7),,Pengganti sementara,PO20140220,Jual,,,030028,WILAYAH BODEBEK,,,359094050461904,,KIRIM KE PUSAT
RF2F118G4KK,Tablet,SAMSUNG-SM-T211(Tab7),,Pengganti sementara,PO20140220,Jual,,,030028,WILAYAH BODEBEK,,,359094050461920,,KIRIM KE PUSAT
RF2F118G58H,Tablet,SAMSUNG-SM-T211(Tab7),,Pengganti sementara,PO20140220,Jual,,,030028,WILAYAH BODEBEK,,,359094050462142,,KIRIM KE PUSAT
RF2F118G5AP,Tablet,SAMSUNG-SM-T211(Tab7),,Pengganti sementara,PO20140214,Jual,,,030028,WILAYAH BODEBEK,,,359094050462167,,KIRIM KE PUSAT
RF2F118G7AX,Tablet,SAMSUNG-SM-T211(Tab7),,Beli,PO20140220,Cek,,,030028,WILAYAH BODEBEK,,,359094050462829,,
RF2F118G7FT,Tablet,SAMSUNG-SM-T211(Tab7),,Pengganti sementara,PO20140220,Jual,,,030028,WILAYAH BODEBEK,,,359094050462878,,KIRIM KE PUSAT
RF2F118G7HR,Tablet,SAMSUNG-SM-T211(Tab7),,Pengganti sementara,PO20140220,Jual,,,030028,WILAYAH BODEBEK,,,359094050462894,,KIRIM KE PUSAT
RF2F118G7PE,Tablet,SAMSUNG-SM-T211(Tab7),,Pengganti sementara,PO20140220,Jual,,,030028,WILAYAH BODEBEK,,,359094050462951,,KIRIM KE PUSAT
RF2F118G7TM,Tablet,SAMSUNG-SM-T211(Tab7),,Pengganti sementara,PO20140220,Jual,,,030028,WILAYAH BODEBEK,,,359094050462993,,KIRIM KE PUSAT
RF2F118G7WX,Tablet,SAMSUNG-SM-T211(Tab7),,Pengganti sementara,PO20140220,Jual,,,030028,WILAYAH BODEBEK,,,359094050463017,,KIRIM KE PUSAT
RF2F118G85V,Tablet,SAMSUNG-SM-T211(Tab7),,Beli,PO20140220,Cek,,,030028,WILAYAH BODEBEK,,,359094050463108,,baik
RF2F118G8BM,Tablet,SAMSUNG-SM-T211(Tab7),,Pengganti sementara,PO20140220,Jual,,,030028,WILAYAH BODEBEK,,,359094050463165,,KIRIM KE PUSAT
RF2F118GDVX,Tablet,SAMSUNG-SM-T211(Tab7),,Pengganti sementara,PO20140220,Jual,,,030028,WILAYAH BODEBEK,,,359094050464981,,KIRIM KE PUSAT
RF2F118GEQY,Tablet,,,,,,,,,,,,,,KIRIM KE PUSAT
RF2F118GEXK,Tablet,SAMSUNG-SM-T211(Tab7),,Beli,PO20140220,Cek,,,030604,DP CILEUNGSI,,,359094050465335,,
RF2F30P5NAD,Tablet,SAMSUNG-SM-T211(Tab7),,Pengganti sementara,PO20141021,Jual,,,030028,WILAYAH BODEBEK,,,35234060144456,,KIRIM KE PUSAT
RF2F30PAZSV,Tablet,SAMSUNG-SM-T211(Tab7),,Beli,PO20141021,Cek,,,030028,WILAYAH BODEBEK,,,352340600806541,,
RF2F81A2Z9F,Tablet,SAMSUNG-SM-T111(Lite),,Pengganti sementara,PO20141114,Jual,,,030028,WILAYAH BODEBEK,,,352324062239395,,KIRIM KE PUSAT
RR2HB0066YW,Tablet,,,,,,,,,,,,,,KIRIM KE PUSAT
RR2HB0067JA,Tablet,,,,,,,,,,,,,,KIRIM KE PUSAT
RR2HB006BCJ,Tablet,,,,,,,,,,,,,,KIRIM KE PUSAT
RR2HB006BXA,Tablet,,,,,,,,,,,,,,KIRIM KE PUSAT
RR2HB006C4E,Tablet,SAMSUNG-SM-T285(A7-2016),,Beli,PO20161128,Cek,,,030705,DP CIKARANG,,,358525070872340,,
RR2HB006CRN,Tablet,,,,,,,,,,,,,,KIRIM KE PUSAT
RR2HB006JKK,Tablet,SAMSUNG-SM-T285(A7-2016),,Beli,PO20161128,Cek,D21000994,KRWOTA-RYAN F,030722,DP KARAWANG,B9348BXH,,358525070874478,,
RR2HB006JLF,Tablet,,,,,Cek,,,,,,,,,KIRIM KE PUSAT
RR2HB006R0Z,Tablet,SAMSUNG-SM-T285(A7-2016),,Pengganti sementara,PO20161128,Cek,,,030028,WILAYAH BODEBEK,,,358525070876598,,KIRIM KE PUSAT
RR2HB006RNF,Tablet,,,,,,,,,,,,,,KIRIM KE PUSAT
RR2HB006RPB,Tablet,,,,,,,,,,,,,,KIRIM KE PUSAT
RR2HBOO6C4E,Tablet,,,,,,,,,,,,,,SUDAH DI KIRIM KE DKI
RR2J1000N7M,Tablet,SAMSUNG-SM-T285(A7-2016),,Beli,PO20170113,Cek,D25006648,,030601,DP BOGOR,B9031SCN,,358525070954403,,
RR2J1001V7Z,Tablet,SAMSUNG-SM-T285(A7-2016),,Beli,PO20170113,Cek,,BKSAC2-FEDRIAN PUTRA P,030702,DP BEKASI,,,358525070965979,,
RR2J2003L8B,Tablet,SAMSUNG-SM-T285(A7-2016),,Beli,PO20170221,Cek,,,030028,WILAYAH BODEBEK,,,358525071023406,,"pecah,bocor"
RR2J2003L9H,Tablet,,,,,,,,,,,,,,KIRIM KE PUSAT
RR2J2003LAP,Tablet,SAMSUNG-SM-T285(A7-2016),,Beli,PO20170221,Cek,,,030610,DP DEPOK,,,358525071023422,,
RR2J2003LDY,Tablet,SAMSUNG-SM-T285(A7-2016),,Beli,PO20170221,Cek,,,030028,WILAYAH BODEBEK,,,358525071023455,,baik
RR2J2003LGK,Tablet,,,,,,,,,,,,,,KIRIM KE PUSAT
RR2J2003LJD,Tablet,SAMSUNG-SM-T285(A7-2016),,Beli,PO20170221,Cek,D19009751,,030705,DP CIKARANG,B9109SCK,,358525071023505,,
RR2J2003LKT,Tablet,SAMSUNG-SM-T285(A7-2016),,Beli,PO20170221,Cek,,CLGAEH-MR X,030028,WILAYAH BODEBEK,,,358525071023513,,"pecah,bocor"
RR2J2003LLR,Tablet,SAMSUNG-SM-T285(A7-2016),,Beli,PO20170221,Cek,D24005083,BKSSC1-MR X,030702,DP BEKASI,B9396BCU,,358525071023521,,
RR2J2003LMA,Tablet,SAMSUNG-SM-T285(A7-2016),,Beli,PO20170221,Cek,,KRWSC1-MR X,030722,DP KARAWANG,,,358525071023539,,
RR2J20045CK,Tablet,SAMSUNG-SM-T285(A7-2016),,Beli,PO20170221,Cek,,,030722,DP KARAWANG,,,358525071029387,,
RR2J200749X,Tablet,SAMSUNG-SM-T285(A7-2016),,Beli,PO20170221,Cek,,BGROTA-KRISTANTO,030028,WILAYAH BODEBEK,,,358525071050797,,"pecah,bocor"
RR2J20079WF,Tablet,,,,,,,,,,,,,,KIRIM KE PUSAT
RR2J2007PMT,Tablet,,,,,,,,,,,,,,KIRIM KE PUSAT
RR2J2007RTT,Tablet,SAMSUNG-SM-T285(A7-2016),,Beli,PO20170221,Cek,D24005388,KRWAC2-AHMAD NASIKIN,030722,DP KARAWANG,B9336BXH,,358525071057909,,
RR2J2007RZZ,Tablet,SAMSUNG-SM-T285(A7-2016),,Beli,PO20170221,Cek,,,030028,WILAYAH BODEBEK,,,358525071057958,,ASURANSI
RR2J2007X3D,Tablet,SAMSUNG-SM-T285(A7-2016),,Beli,PO20170221,Cek,,,030702,DP BEKASI,,,358525071059319,,KIRIM KE PUSAT
RR2J2007ZKH,Tablet,SAMSUNG-SM-T285(A7-2016),,Beli,PO20170221,Cek,,,030028,WILAYAH BODEBEK,,,358525071060135,,
RR2J20085ZZ,Tablet,,,,,,,,,,,,,,KIRIM KE PUSAT
RR2J20086MP,Tablet,SAMSUNG-SM-T285(A7-2016),,Beli,PO20170221,Cek,,BKSSC1-MR X,030702,DP BEKASI,,,358525071062461,,
RR2J2008CYA,Tablet,,,,,,,,,,,,,,KIRIM KE PUSAT
RR2J2008DMB,Tablet,,,,,,,,,,,,,,KIRIM KE PUSAT
RR2J2008E7P,Tablet,SAMSUNG-SM-T285(A7-2016),,Pengganti sementara,PO20170221,Cek,,,030028,WILAYAH BODEBEK,,,358525071064962,,KIRIM KE PUSAT
RR2J2008F9H,Tablet,SAMSUNG-SM-T285(A7-2016),,Beli,PO20170221,Cek,,CKRSC2-MR X,030028,WILAYAH BODEBEK,,,358525071065316,,"pecah,bocor"
RR2J200AP1H,Tablet,SAMSUNG-SM-T285(A7-2016),,Beli,PO20170221,Cek,D24007520,,030601,DP BOGOR,B9847BCN,,358525071072528,,
RR2J300SF6T,Tablet,SAMSUNG-SM-T285(A7-2016),,Pengganti sementara,PO20170419,Cek,,,030028,WILAYAH BODEBEK,,,358525071282259,,KIRIM KE PUSAT
RR2J300SQET,Tablet,SAMSUNG-SM-T285(A7-2016),,Beli,PO20170419,Cek,,,030705,DP CIKARANG,,,358525071285302,,KIRIM KE PUSAT
RR2J300SRFK,Tablet,,,,,,,,,,,,,,KIRIM KE PUSAT
RR2J300SSZD,Tablet,,,,,,,,,,,,,,KIRIM KE PUSAT
RR2J300T22P,Tablet,,,,,,,,,,,,,,KIRIM KE PUSAT
RR2J300T4AY,Tablet,SAMSUNG-SM-T285(A7-2016),,Pengganti sementara,PO20170419,Cek,,,030028,WILAYAH BODEBEK,,,358525071289551,,KIRIM KE PUSAT
RR2JB00G1ZJ,Tablet,SAMSUNG-SM-T285(A7-2016),,Beli,PO20171206,Cek,,CLGAC1-MR X,030028,WILAYAH BODEBEK,,,358525071969053,,"pecah,gelembung"
RR2JB00G2DP,Tablet,SAMSUNG-SM-T285(A7-2016),,Beli,PO20171206,Cek,,,030028,WILAYAH BODEBEK,,,358525071969194,,"pecah,bocor"
RR2JB00G2RT,Tablet,SAMSUNG-SM-T285(A7-2016),,Beli,PO20171206,Cek,,,030028,WILAYAH BODEBEK,,,358525071969319,,"pecah,bocor"
RR2JB00G2TL,Tablet,SAMSUNG-SM-T285(A7-2016),,Beli,PO20171206,Cek,,DPKOTA-FADHLUR RAHMAN,030028,WILAYAH BODEBEK,,,358525071969335,,"pecah,bocor"
RR2JB00G33Z,Tablet,SAMSUNG-SM-T285(A7-2016),,Beli,PO20171206,Cek,,,030028,WILAYAH BODEBEK,,,358525071969426,,KIRIM KE PUSAT
RR2JB00G3ED,Tablet,SAMSUNG-SM-T285(A7-2016),,Beli,PO20171206,Cek,,DPKOTA-HERI MAULANA,030028,WILAYAH BODEBEK,,,358525071969533,,"pecah,bocor"
RR2JB00G3PR,Tablet,SAMSUNG-SM-T285(A7-2016),,Beli,PO20171206,Cek,,,030610,DP DEPOK,,,358525071969624,,SUDAH DI KIRIM KE DKI
RR2JB00G3RF,Tablet,SAMSUNG-SM-T285(A7-2016),,Beli,PO20171206,Cek,,CLGOTA-ANWAR SARIF,030604,DP CILEUNGSI,,,358525071969640,,JUAL
RR2JB00G3WN,Tablet,SAMSUNG-SM-T285(A7-2016),,Beli,PO20171206,Cek,,CLGOTA-MUHAMMAD RIFKY R,030604,DP CILEUNGSI,,,358525071969681,,JUAL
RR2JB00G43J,Tablet,SAMSUNG-SM-T285(A7-2016),,Beli,PO20171206,Cek,,,030601,DP BOGOR,,,358525071969756,,
RR2JB00G44Y,Tablet,,,,,,,,,,,,,,KIRIM KE PUSAT
RR2JB00G4DN,Tablet,SAMSUNG-SM-T285(A7-2016),,Beli,PO20171206,Cek,D05000058,,030601,DP BOGOR,B9873BCN,,358525071969855,,
RR2JB00G4HD,Tablet,SAMSUNG-SM-T285(A7-2016),,Beli,PO20171206,Cek,,,030028,WILAYAH BODEBEK,,,358525071969897,,KIRIM KE PUSAT
RR2JB00G53P,Tablet,SAMSUNG-SM-T285(A7-2016),,Beli,PO20171206,Cek,,DPKSC1-MR X,030028,WILAYAH BODEBEK,,,358525071970085,,"pecah,bocor"
RR2JB00G6LL,Tablet,SAMSUNG-SM-T285(A7-2016),,Beli,PO20171206,Cek,,,030028,WILAYAH BODEBEK,,,358525071970580,,"pecah,bocor"
RR2JB00G8AD,Tablet,SAMSUNG-SM-T285(A7-2016),,Beli,PO20171206,Cek,,,030705,DP CIKARANG,,,358525071971141,,
RR2JB00G8GY,Tablet,SAMSUNG-SM-T285(A7-2016),,Beli,PO20171206,Cek,,CKRAC1-MR X,030028,WILAYAH BODEBEK,,,358525071971208,,baik
RR2JB00G8KR,Tablet,SAMSUNG-SM-T285(A7-2016),,Beli,PO20171206,Cek,,BGRAEH-MR X,030028,WILAYAH BODEBEK,,,358525071971232,,"pecah,bocor"
RR2JB00G8XW,Tablet,SAMSUNG-SM-T285(A7-2016),,Beli,PO20171206,Cek,,,030601,DP BOGOR,,,358525071971349,,
RR2JB00G8YP,Tablet,SAMSUNG-SM-T285(A7-2016),,Beli,PO20171206,Cek,,CKROTA-MUHAMMAD HARRY P,030028,WILAYAH BODEBEK,,,358525071971356,,"pecah,bocor"
RR2JB00G9EW,Tablet,,,,,,,,,,,,,,KIRIM KE PUSAT
RR2JB00G9XX,Tablet,SAMSUNG-SM-T285(A7-2016),,Pengganti sementara,PO20171206,Cek,,,030028,WILAYAH BODEBEK,,,358525071971679,,KIRIM KE PUSAT
RR2JB00GA4H,Tablet,,,,,,,,,,,,,,KIRIM KE PUSAT
RR2JB00GAVB,Tablet,SAMSUNG-SM-T285(A7-2016),,Beli,PO20171206,Cek,,,030028,WILAYAH BODEBEK,,,358525071971984,,KIRIM KE PUSAT
RR2JB00GBRY,Tablet,SAMSUNG-SM-T285(A7-2016),,Beli,PO20171206,Cek,D12003026,,030601,DP BOGOR,B9041BCO,,358525071972289,,
RR2JB00GCXZ,Tablet,,,,,,,,,,,,,,KIRIM KE PUSAT
RR2JB00GE2B,Tablet,SAMSUNG-SM-T285(A7-2016),,Beli,PO20171206,Cek,D02002477,,030705,DP CIKARANG,B9428BCM,,358525071973048,,
RR2JB00GEAW,Tablet,SAMSUNG-SM-T285(A7-2016),,Beli,PO20171206,Cek,,,030028,WILAYAH BODEBEK,,,358525071973121,,"pecah,bocor"
RR2JB00GGDX,Tablet,SAMSUNG-SM-T285(A7-2016),,Beli,PO20171206,Cek,D11003352,,030601,DP BOGOR,B9528BCV,,358525071973816,,
RR2JB00GH8R,Tablet,,,,,,,,,,,,,,KIRIM KE PUSAT
RR2JB00GHGX,Tablet,,,,,,,,,,,,,,KIRIM KE PUSAT
RR2JB00GQQA,Tablet,SAMSUNG-SM-T285(A7-2016),,Beli,PO20171206,Cek,,BKSSC1-MR X,030702,DP BEKASI,,,358525071976561,,
RR2JB00GQRJ,Tablet,SAMSUNG-SM-T285(A7-2016),,Beli,PO20171206,Cek,,BKSSC1-MR X,030702,DP BEKASI,,,358525071976579,,
RR2JB00GQTH,Tablet,,,,,,,,,,,,,,KIRIM KE PUSAT
RR2JB00GQXK,Tablet,,,,,,,,,,,,,,KIRIM KE PUSAT
RR2JB00GQZB,Tablet,,,,,,,,,,,,,,KIRIM KE PUSAT
RR2JB00GRAY,Tablet,SAMSUNG-SM-T285(A7-2016),,Beli,PO20171206,Cek,,,030601,DP BOGOR,,,358525071976751,,KIRIM KE PUSAT
RR2JB00GRCZ,Tablet,SAMSUNG-SM-T285(A7-2016),,Beli,PO20171206,Cek,,BKSSC1-MR X,030702,DP BEKASI,,,358525071976777,,
RR2JB00GRSM,Tablet,SAMSUNG-SM-T285(A7-2016),,Beli,PO20171206,Cek,D26003301,,030722,DP KARAWANG,B9525BCX,,358525071976918,,
RR2JB00GRZR,Tablet,SAMSUNG-SM-T285(A7-2016),,Beli,PO20171206,Cek,,,030702,DP BEKASI,,,358525071976975,,KIRIM KE PUSAT
RR2JB00GS4L,Tablet,SAMSUNG-SM-T285(A7-2016),,Beli,PO20171206,Cek,,CMPSC2-ADE IRAWAN,030028,WILAYAH BODEBEK,,,358525071977023,,baik
RR2JB00GTLK,Tablet,SAMSUNG-SM-T285(A7-2016),,Beli,PO20171206,Cek,,,030028,WILAYAH BODEBEK,,,358525071977510,,KIRIM KE PUSAT
RR2JB00H3MA,Tablet,SAMSUNG-SM-T285(A7-2016),,Beli,PO20171206,Cek,,,030610,DP DEPOK,,,358525071980498,,
RR2JB00H4MW,Tablet,SAMSUNG-SM-T285(A7-2016),,Beli,PO20171206,Cek,,CMPBC1-MR X,030028,WILAYAH BODEBEK,,,358525071980829,,baik
RR2JB00H5YZ,Tablet,SAMSUNG-SM-T285(A7-2016),,Beli,PO20171206,Cek,,KRWOTA-NURDIN JAELANI,030722,DP KARAWANG,,,358525071981256,,
RR2JB00H6GR,Tablet,SAMSUNG-SM-T285(A7-2016),,Beli,PO20171206,Cek,,,030028,WILAYAH BODEBEK,,,358525071981439,,"pecah,bocor"
RR2JB00H72F,Tablet,SAMSUNG-SM-T285(A7-2016),,Beli,PO20171206,Cek,,KRWOTA-AHMAD FAISHOL S,030722,DP KARAWANG,,,358525071981629,,
RR2JB00H73B,Tablet,SAMSUNG-SM-T285(A7-2016),,Pengganti sementara,PO20171206,Cek,,,030028,WILAYAH BODEBEK,,,358525071981637,,KIRIM KE PUSAT
RR2JB00H79V,Tablet,SAMSUNG-SM-T285(A7-2016),,Beli,PO20171206,Cek,,,030028,WILAYAH BODEBEK,,,358525071981694,,ASURANSI
RR2JB00H98F,Tablet,,,,,,,,,,,,,,KIRIM KE PUSAT
RR2JB00H9ZL,Tablet,SAMSUNG-SM-T285(A7-2016),,Beli,PO20171206,Cek,,,030028,WILAYAH BODEBEK,,,358525071982585,,lcd pecah
RR2JB00HD0K,Tablet,SAMSUNG-SM-T285(A7-2016),,Beli,PO20171206,Cek,,,030705,DP CIKARANG,,,358525071983583,,KIRIM KE PUSAT
RR2JB00HLKZ,Tablet,SAMSUNG-SM-T285(A7-2016),,Beli,PO20171206,Cek,,,030028,WILAYAH BODEBEK,,,358525071986081,,SUDAH DI KIRIM KE DKI
RR2JB00HMXL,Tablet,SAMSUNG-SM-T285(A7-2016),,Beli,PO20171206,Cek,,,030601,DP BOGOR,,,358525071986529,,
RR2JB00HNJW,Tablet,SAMSUNG-SM-T285(A7-2016),,Pengganti sementara,PO20171206,Cek,,,030028,WILAYAH BODEBEK,,,358525071986735,,KIRIM KE PUSAT
RR2JB00HPYF,Tablet,SAMSUNG-SM-T285(A7-2016),,Beli,PO20171206,Cek,,,030610,DP DEPOK,,,358525071987196,,
RR2JB00HWLW,Tablet,SAMSUNG-SM-T285(A7-2016),,Pengganti sementara,PO20171206,Cek,,,030028,WILAYAH BODEBEK,,,358525071989069,,KIRIM KE PUSAT
RR2JB00HWQJ,Tablet,SAMSUNG-SM-T285(A7-2016),,Beli,PO20171206,Cek,,CMPSC1-MR X,030028,WILAYAH BODEBEK,,,358525071989101,,baik
RR2JB00HWRY,Tablet,SAMSUNG-SM-T285(A7-2016),,Beli,PO20171206,Cek,,,030705,DP CIKARANG,,,358525071989119,,
RR2JB00HWSH,Tablet,SAMSUNG-SM-T285(A7-2016),,Beli,PO20171206,Cek,,,030028,WILAYAH BODEBEK,,,358525071989127,,"pecah,bocor"
RR2JB00HWTZ,Tablet,,,,,,,,,,,,,,KIRIM KE PUSAT
RR2JB00HXEF,Tablet,,,,,,,,,,,,,,KIRIM KE PUSAT
RR2JB00WZEH,Tablet,SAMSUNG-SM-T285(A7-2016),,Beli,PO20180123,Cek,,,030028,WILAYAH BODEBEK,,,358525071997658,,ASURANSI
RR2K0003MCK,Tablet,,,,,,,,,,,,,,ASURANSI
RR2K009FBD,Tablet,,,,,,,,,,,,,,ASURANSI
RR2K200DKJW,Tablet,SAMSUNG-SM-T285(A7-2016),,Beli,PO20180227,Cek,D24001797,,030722,DP KARAWANG,B9876BCN,,358525072258175,,
RR2K200DM0H,Tablet,SAMSUNG-SM-T285(A7-2016),,Beli,PO20180223,Cek,,,030028,WILAYAH BODEBEK,,,358525072258654,,KIRIM KE PUSAT
RR2K200DMAT,Tablet,SAMSUNG-SM-T285(A7-2016),,Beli,PO20180223,Cek,,BGRSC1-MR X,030601,DP BOGOR,,,358525072258753,,
RR2K200DMHX,Tablet,,,,,,,,,,,,,,KIRIM KE PUSAT
RR2K200DP3M,Tablet,SAMSUNG-SM-T285(A7-2016),,Beli,PO20180223,Cek,,,030705,DP CIKARANG,,,358525072259348,,KIRIM KE PUSAT
RR2K200DP8L,Tablet,SAMSUNG-SM-T285(A7-2016),,Beli,PO20180223,Cek,,,030603,DP CIAMPEA,,,358525072259397,,SUDAH DI KIRIM KE DKI
RR2K200DPGT,Tablet,,,,,,,,,,,,,,KIRIM KE PUSAT
RR2K200DPJA,Tablet,,,,,,,,,,,,,,KIRIM KE PUSAT
RR2K200DQ7X,Tablet,SAMSUNG-SM-T285(A7-2016),,Beli,PO20180223,Cek,,,030028,WILAYAH BODEBEK,,,358525072259710,,KIRIM KE PUSAT
RR2K200DQCF,Tablet,SAMSUNG-SM-T285(A7-2016),,Beli,PO20180223,Cek,,,030028,WILAYAH BODEBEK,,,358525072259769,,"pecah,bocor"
RR2K500710P,Tablet,SAMSUNG-SM-T285(A7-2016),,Beli,PO20180705,Cek,,,030028,WILAYAH BODEBEK,,,358525072598331,,"pecah,bocor"
RR2K50079JW,Tablet,,,,,,,,,,,,,,KIRIM KE PUSAT
RR2K500H0HE,Tablet,,,,,,,,,,,,,,KIRIM KE PUSAT
RR2K500H1WJ,Tablet,SAMSUNG-SM-T285(A7-2016),,Beli,PO20180705,Cek,,,030028,WILAYAH BODEBEK,,,358525072659323,,"pecah,bocor"
RR2K500HGRD,Tablet,,,,,,,,,,,,,,KIRIM KE PUSAT
RR2K500HGSL,Tablet,SAMSUNG-SM-T285(A7-2016),,Beli,PO20180705,Cek,,,030028,WILAYAH BODEBEK,,,358525072664240,,baik
RR2K500HH5B,Tablet,,,,,Cek,,,,,,,,,KIRIM KE PUSAT
RR2K500HK1A,Tablet,,,,,,,,,,,,,,KIRIM KE PUSAT
RR2K500HK2W,Tablet,SAMSUNG-SM-T285(A7-2016),,Beli,PO20180705,Cek,,BGRSC1-ALVIANSYAH,030028,WILAYAH BODEBEK,,,358525072664992,,"pecah,bocor"
RR2K500HK4T,Tablet,,,,,,,,,,,,,,KIRIM KE PUSAT
RR2K500HKDY,Tablet,SAMSUNG-SM-T285(A7-2016),,Beli,PO20180705,Cek,,,030028,WILAYAH BODEBEK,,,358525072665106,,"pecah,bocor"
RR2K500HKHE,Tablet,SAMSUNG-SM-T285(A7-2016),,Beli,PO20180705,Cek,D24005385,,030601,DP BOGOR,B9648SCL,,358525072665148,,
RR2K500HKRZ,Tablet,SAMSUNG-SM-T285(A7-2016),,Beli,PO20180705,Cek,,,030028,WILAYAH BODEBEK,,,358525072665221,,"pecah,bocor"
RR2K500HQ3J,Tablet,SAMSUNG-SM-T285(A7-2016),,Beli,PO20180705,Cek,,,030028,WILAYAH BODEBEK,,,358525072666658,,
RR2K500J7FN,Tablet,SAMSUNG-SM-T285(A7-2016),,Beli,PO20180705,Cek,,,030028,WILAYAH BODEBEK,,,358525072672052,,"pecah,bocor"
RR2K500JJ1A,Tablet,,,,,Cek,,,,,,,,,KIRIM KE PUSAT
RR2K500M15V,Tablet,SAMSUNG-SM-T285(A7-2016),,Beli,PO20180705,Cek,,DPKSC1-MR X,030028,WILAYAH BODEBEK,,,358525072694742,,"pecah,bocor"
RR2K500M30E,Tablet,,,,,,,,,,,,,,KIRIM KE PUSAT
RR2K500M6HZ,Tablet,,,,,,,,,,,,,,KIRIM KE PUSAT
RR2K500MHKY,Tablet,,,,,,,,,,,,,,KIRIM KE PUSAT
RR2K6001SFJ,Tablet,SAMSUNG-SM-T285(A7-2016),,Beli,PO20180705,Cek,X19060106,,030601,DP BOGOR,B9169BCW,,358525072713997,,
RR2K6001SLY,Tablet,,,,,,,,,,,,,,KIRIM KE PUSAT
RR2K6001TQK,Tablet,,,,,,,,,,,,,,KIRIM KE PUSAT
RR2K6001X5B,Tablet,,,,,Cek,,,,,,,,,KIRIM KE PUSAT
RR2K6001XKF,Tablet,SAMSUNG-SM-T285(A7-2016),,Beli,PO20180705,Jual,,,030028,WILAYAH BODEBEK,,,358525072715356,,ASURANSI
RR2K6001XLN,Tablet,SAMSUNG-SM-T285(A7-2016),,Beli,PO20180705,Cek,,,030702,DP BEKASI,,,358525072715364,,
RR2K6001ZSN,Tablet,SAMSUNG-SM-T285(A7-2016),,Beli,PO20180705,Cek,,,030705,DP CIKARANG,,,358525072716081,,
RR2K6001ZZW,Tablet,,,,,,,,,,,,,,KIRIM KE PUSAT
RR2K600202Y,Tablet,SAMSUNG-SM-T285(A7-2016),,Beli,PO20180705,Cek,,,030028,WILAYAH BODEBEK,,,358525072716172,,"pecah,bocor"
RR2K600203K,Tablet,SAMSUNG-SM-T285(A7-2016),,Beli,PO20180705,Cek,,,030601,DP BOGOR,,,358525072716180,,
RR2K600204T,Tablet,SAMSUNG-SM-T285(A7-2016),,Beli,PO20180705,Cek,,BGRHTF-RICHARD,030028,WILAYAH BODEBEK,,,358525072716198,,"pecah,gelembung"
RR2K600205V,Tablet,SAMSUNG-SM-T285(A7-2016),,Beli,PO20180705,Cek,,DPKAC2-HAIKAL FOBRIAN,030610,DP DEPOK,,,358525072716206,,
RR2K60020BA,Tablet,SAMSUNG-SM-T285(A7-2016),,Beli,PO20180705,Cek,,,030705,DP CIKARANG,,,358525072716263,,
RR2K60020DB,Tablet,,,,,,,,,,,,,,KIRIM KE PUSAT
RR2K60020TF,Tablet,SAMSUNG-SM-T285(A7-2016),,Beli,PO20180705,Cek,,,030028,WILAYAH BODEBEK,,,358525072716420,,"pecah,bocor"
RR2K60020WD,Tablet,,,,,,,,,,,,,,KIRIM KE PUSAT
RR2K60020YZ,Tablet,,,,,,,,,,,,,,KIRIM KE PUSAT
RR2K600214P,Tablet,SAMSUNG-SM-T285(A7-2016),,Beli,PO20180705,Cek,,,030705,DP CIKARANG,,,358525072716529,,
RR2K600216K,Tablet,SAMSUNG-SM-T285(A7-2016),,Beli,PO20180705,Cek,,KRWSC1-MR X,030722,DP KARAWANG,,,358525072716545,,
RR2K60021GB,Tablet,SAMSUNG-SM-T285(A7-2016),,Beli,PO20180705,Jual,,,030028,WILAYAH BODEBEK,,,358525072716644,,ASURANSI
RR2K600225E,Tablet,SAMSUNG-SM-T285(A7-2016),,Beli,PO20180705,Cek,,,030702,DP BEKASI,,,358525072716867,,
RR2K60022LL,Tablet,,,,,,,,,,,,,,KIRIM KE PUSAT
RR2K60022NJ,Tablet,SAMSUNG-SM-T285(A7-2016),,Beli,PO20180705,Cek,,BGRSPC-ALGI AZIZ F,030601,DP BOGOR,,,358525072717030,,SUDAH DI KIRIM KE DKI
RR2K60023DT,Tablet,SAMSUNG-SM-T285(A7-2016),,Beli,PO20180705,Cek,,,030705,DP CIKARANG,,,358525072717279,,
RR2K60027MX,Tablet,,,,,,,,,,,,,,KIRIM KE PUSAT
RR2K6002A1N,Tablet,,,,,,,,,,,,,,KIRIM KE PUSAT
RR2K6002A4Z,Tablet,SAMSUNG-SM-T285(A7-2016),,Beli,PO20180710,Cek,,KRWSC1-MR X,030722,DP KARAWANG,,,358525072719499,,
RR2K6002CZW,Tablet,SAMSUNG-SM-T285(A7-2016),,Beli,PO20180705,Cek,,,030601,DP BOGOR,,,358525072720430,,
RR2K600379T,Tablet,SAMSUNG-SM-T285(A7-2016),,Beli,PO20180705,Jual,,,030603,DP CIAMPEA,,,358525072723103,,ASURANSI
RR2K60037FD,Tablet,SAMSUNG-SM-T285(A7-2016),,Beli,PO20180705,Cek,,,030604,DP CILEUNGSI,,,358525072723160,,
RR2K60037HZ,Tablet,SAMSUNG-SM-T285(A7-2016),,Beli,PO20180705,Cek,,,030705,DP CIKARANG,,,358525072723186,,KIRIM KE PUSAT
RR2K600383L,Tablet,,,,,,,,,,,,,,KIRIM KE PUSAT
RR2K6003LSP,Tablet,SAMSUNG-SM-T285(A7-2016),,Beli,PO20180705,Cek,,KRWOTA-IMAM NAUFAL F,030722,DP KARAWANG,,,358525072727567,,
RR2K6003LWT,Tablet,SAMSUNG-SM-T285(A7-2016),,Beli,PO20180705,Cek,,,030601,DP BOGOR,,,358525072727591,,SUDAH DI KIRIM KE DKI
RR2K6003M1A,Tablet,SAMSUNG-SM-T285(A7-2016),,Beli,PO20180705,Cek,,KRWOTA-RIFKY ACHMAD M,030722,DP KARAWANG,,,358525072727641,,
RR2K6003M4L,Tablet,SAMSUNG-SM-T285(A7-2016),,Beli,PO20180705,Cek,,,030722,DP KARAWANG,,,358525072727674,,
RR2K6003M5W,Tablet,,,,,Cek,,,,,,,,,KIRIM KE PUSAT
RR2K6003M8E,Tablet,,,,,,,,,,,,,,KIRIM KE PUSAT
RR2K6003MCK,Tablet,SAMSUNG-SM-T285(A7-2016),,Beli,PO20180705,Cek,,,030722,DP KARAWANG,,,358525072727757,,
RR2K6003MEV,Tablet,SAMSUNG-SM-T285(A7-2016),,Beli,PO20180705,Cek,,,030028,WILAYAH BODEBEK,,,358525072727773,,SUDAH DI KIRIM KE DKI
RR2K6003XVA,Tablet,SAMSUNG-SM-T285(A7-2016),,Beli,PO20180905R,Cek,D24005382,,030705,DP CIKARANG,B9831BCN,,358525072730884,,DP CIKARANG
RR2K7005CRT,Tablet,SAMSUNG-SM-T285(A7-2016),,Beli,PO20180718,Cek,,BKSAC1-MR X,030702,DP BEKASI,,,358525072780004,,
RR2K7005Q3M,Tablet,SAMSUNG-SM-T285(A7-2016),,Beli,PO20180718,Cek,D24003080,,030601,DP BOGOR,B9398BCU,,358525072783743,,
RR2K700B0WR,Tablet,SAMSUNG-SM-T285(A7-2016),,Beli,PO20180905R,Cek,,,030705,DP CIKARANG,,,358525072797560,,DP CIKARANG
RR2K8000P7R,Tablet,SAMSUNG-SM-T285(A7-2016),,Beli,GM-PO20180905,Cek,,,030601,DP BOGOR,,,358525072809878,,
RR2K8000QGM,Tablet,SAMSUNG-SM-T285(A7-2016),,Beli,GM-PO20180905,Cek,,,030601,DP BOGOR,,,358525072810298,,SUDAH DI KIRIM KE DKI
RR2K8000VPZ,Tablet,SAMSUNG-SM-T285(A7-2016),,Beli,GM-PO20180905,Cek,,BKSOTA-FERNANDES R,030702,DP BEKASI,,,358525072811684,,DP BEKASI
RR2K8000X6B,Tablet,SAMSUNG-SM-T285(A7-2016),,Beli,PO20180820,Cek,,,030028,WILAYAH BODEBEK,,,358525072812179,,"pecah,bocor"
RR2K8000X8K,Tablet,SAMSUNG-SM-T285(A7-2016),,Beli,GM-PO20180905,Cek,,,030028,WILAYAH BODEBEK,,,358525072812195,,SUDAH DI KIRIM KE DKI
RR2K8000XEA,Tablet,,,,,,,,,,,,,,KIRIM KE PUSAT
RR2K8000XJD,Tablet,SAMSUNG-SM-T285(A7-2016),,Beli,PO20180820,Cek,,,030028,WILAYAH BODEBEK,,,358525072812294,,"pecah,bocor"
RR2K8000XXH,Tablet,,,,,,,,,,,,,,KIRIM KE PUSAT
RR2K8000Y4X,Tablet,SAMSUNG-SM-T285(A7-2016),,Beli,GM-PO20180905,Cek,,BKSBG2-PURNAWAN,030702,DP BEKASI,,,358525072812484,,DP BEKASI
RR2K8000Y6N,Tablet,SAMSUNG-SM-T285(A7-2016),,Beli,GM-PO20180905,Cek,,CKROTA-HUTABARAT SAMUEL L,030028,WILAYAH BODEBEK,,,358525072812500,,WILAYAH BODEBEK
RR2K8000Y7T,Tablet,SAMSUNG-SM-T285(A7-2016),,Beli,GM-PO20180905,Jual,D26000399,CLGBG3-RIDWAN NUR H,030604,DP CILEUNGSI,B9340IS,,358525072812518,,JUAL
RR2K8000YWF,Tablet,SAMSUNG-SM-T285(A7-2016),,Beli,GM-PO20180905,Cek,,,030028,WILAYAH BODEBEK,,,358525072812732,,SUDAH DI KIRIM KE DKI
RR2K800102J,Tablet,SAMSUNG-SM-T285(A7-2016),,Beli,GM-PO20180905,Cek,,BKSBG3-MUHAMAD FATKHUROHMAN,030702,DP BEKASI,,,358525072813128,,DP BEKASI
RR2K80016RD,Tablet,SAMSUNG-SM-T285(A7-2016),,Beli,PO20180905R,Cek,,KRWOTA-CECEP HERMAWAN B,030722,DP KARAWANG,,,358525072815339,,DP KARAWANG
RR2K80017GB,Tablet,SAMSUNG-SM-T285(A7-2016),,Beli,PO20180905R,Cek,,,030028,WILAYAH BODEBEK,,,358525072815578,,WILAYAH BODEBEK
RR2K80018YD,Tablet,SAMSUNG-SM-T285(A7-2016),,Beli,GM-PO20180908,Cek,,,030028,WILAYAH BODEBEK,,,358525072816055,,SUDAH DI KIRIM KE DKI
RR2K80019CM,Tablet,,,,,,,,,,,,,,KIRIM KE PUSAT
RR2K8001LTP,Tablet,,,,,,,,,,,,,,KIRIM KE PUSAT
RR2K8001N8Z,Tablet,,,,,,,,,,,,,,KIRIM KE PUSAT
RR2K8001NCA,Tablet,,,,,,,,,,,,,,KIRIM KE PUSAT
RR2K8001NFW,Tablet,SAMSUNG-SM-T285(A7-2016),,Beli,GM-PO20180905,Cek,,BKSSC1-MR X,030702,DP BEKASI,,,358525072818416,,
RR2K8001TQH,Tablet,SAMSUNG-SM-T285(A7-2016),,Beli,PO20180905R,Cek,,,030705,DP CIKARANG,,,358525072820156,,KIRIM KE PUSAT
RR2K8001TSJ,Tablet,SAMSUNG-SM-T285(A7-2016),,Beli,PO20180905R,Jual,,BKSOTA-ISPAT WAHYONO,030702,DP BEKASI,,,358525072820172,,DP BEKASI
RR2K8001VGV,Tablet,SAMSUNG-SM-T285(A7-2016),,Beli,PO20180905R,Cek,,,030028,WILAYAH BODEBEK,,,358525072820404,,KIRIM KE PUSAT
RR2K8001WBH,Tablet,,,,,,,,,,,,,,KIRIM KE PUSAT
RR2K8001ZMY,Tablet,,,,,,,,,,,,,,KIRIM KE PUSAT
RR2K800204Y,Tablet,SAMSUNG-SM-T285(A7-2016),,Beli,PO20180905R,Cek,,,030028,WILAYAH BODEBEK,,,358525072821931,,SUDAH DI KIRIM KE DKI
RR2K800224B,Tablet,SAMSUNG-SM-T285(A7-2016),,Beli,PO20180820,Cek,,,030028,WILAYAH BODEBEK,,,358525072822590,,"pecah,bocor"
RR2K800235T,Tablet,,,,,,,,,,,,,,KIRIM KE PUSAT
RR2K8002QXT,Tablet,SAMSUNG-SM-T285(A7-2016),,Beli,PO20180905R,Cek,,,030028,WILAYAH BODEBEK,,,358525072824059,,SUDAH DI KIRIM KE DKI
RR2K8002RLZ,Tablet,,,,,,,,,,,,,,KIRIM KE PUSAT
RR2K8002RMH,Tablet,,,,,,,,,,,,,,KIRIM KE PUSAT
RR2K8002RNY,Tablet,SAMSUNG-SM-T285(A7-2016),,Beli,PO20180905R,Cek,,BKSOTA-LUKMAN FIRMANSYAH,030702,DP BEKASI,,,358525072824307,,DP BEKASI
RR2K8002RYL,Tablet,SAMSUNG-SM-T285(A7-2016),,Beli,PO20180905R,Cek,,,030028,WILAYAH BODEBEK,,,358525072824398,,WILAYAH BODEBEK
RR2K8002TTH,Tablet,SAMSUNG-SM-T285(A7-2016),,Beli,PO20180905R,Cek,,,030028,WILAYAH BODEBEK,,,358525072825015,,WILAYAH BODEBEK
RR2K8002XHH,Tablet,SAMSUNG-SM-T285(A7-2016),,Beli,PO20180905R,Cek,,CKRSC1-MR X,030028,WILAYAH BODEBEK,,,358525072825908,,WILAYAH BODEBEK
RR2K8002YFB,Tablet,SAMSUNG-SM-T285(A7-2016),,Beli,GM-PO20180905,Cek,,,030028,WILAYAH BODEBEK,,,358525072826211,,SUDAH DI KIRIM KE DKI
RR2K8002Z1K,Tablet,SAMSUNG-SM-T285(A7-2016),,Beli,GM-PO20180905,Cek,,,030722,DP KARAWANG,,,358525072826401,,
RR2K80030HN,Tablet,SAMSUNG-SM-T285(A7-2016),,Beli,GM-PO20180908,Cek,,BGRAC1-MR X,030028,WILAYAH BODEBEK,,,358525072826898,,"pecah,bocor"
RR2K80030SY,Tablet,SAMSUNG-SM-T285(A7-2016),,Beli,GM-PO20180905,Cek,,,030028,WILAYAH BODEBEK,,,358525072826989,,WILAYAH BODEBEK
RR2K80030TJ,Tablet,SAMSUNG-SM-T285(A7-2016),,Beli,GM-PO20180905,Cek,,,030722,DP KARAWANG,,,358525072826997,,
RR2K80030VA,Tablet,,,,,,,,,,,,,,KIRIM KE PUSAT
RR2K80030XP,Tablet,SAMSUNG-SM-T285(A7-2016),,Beli,GM-PO20180905,Hilang,,KRWOTA-RIDWAN NUR HAKIM,030722,DP KARAWANG,,,358525072827029,,DP KARAWANG
RR2K80030ZD,Tablet,SAMSUNG-SM-T285(A7-2016),,Beli,GM-PO20180905,Jual,,CLGBG2-ILHAM NUR HIDAYAT,030604,DP CILEUNGSI,,,358525072827045,,JUAL
RR2K800312T,Tablet,,,,,,,,,,,,,,KIRIM KE PUSAT
RR2K80035MH,Tablet,SAMSUNG-SM-T285(A7-2016),,Beli,GM-PO20180905,Cek,,KRWOTA-AGUNG SUDRAJAT,030722,DP KARAWANG,,,358525072828589,,DP KARAWANG
RR2K80035TW,Tablet,SAMSUNG-SM-T285(A7-2016),,Beli,GM-PO20180905,Cek,,,030601,DP BOGOR,,,358525072828647,,
RR2K8003BWX,Tablet,SAMSUNG-SM-T285(A7-2016),,Beli,PO20180820,Cek,,,030028,WILAYAH BODEBEK,,,358525072830643,,"pecah,bocor"
RR2K8003C1K,Tablet,SAMSUNG-SM-T285(A7-2016),,Beli,PO20180820,Cek,,KRWOTA- NURUL FATTAH,030722,DP KARAWANG,,,358525072830692,,
RR2K8003DMB,Tablet,,,,,,,,,,,,,,KIRIM KE PUSAT
RR2K8003NXF,Tablet,SAMSUNG-SM-T285(A7-2016),,Beli,GM-PO20180905,Cek,,,030028,WILAYAH BODEBEK,,,358525072834280,,WILAYAH BODEBEK
RR2K8003P0Y,Tablet,SAMSUNG-SM-T285(A7-2016),,Beli,GM-PO20180905,Cek,,CKRAC1-MR X,030028,WILAYAH BODEBEK,,,358525072834314,,WILAYAH BODEBEK
RR2K8003P1J,Tablet,SAMSUNG-SM-T285(A7-2016),,Beli,GM-PO20180905,Cek,D25002410,,030601,DP BOGOR,B9650SCL,,358525072834322,,DP BOGOR
RR2K8003P2A,Tablet,SAMSUNG-SM-T285(A7-2016),,Beli,GM-PO20180905,Cek,,,030028,WILAYAH BODEBEK,,,358525072834330,,WILAYAH BODEBEK
RR2K8003P4P,Tablet,SAMSUNG-SM-T285(A7-2016),,Beli,GM-PO20180905,Cek,,,030028,WILAYAH BODEBEK,,,358525072834355,,SUDAH DI KIRIM KE DKI
RR2K8003P5W,Tablet,SAMSUNG-SM-T285(A7-2016),,Beli,GM-PO20180905,Cek,,,030028,WILAYAH BODEBEK,,,358525072834363,,SUDAH DI KIRIM KE DKI
RR2K8004M8T,Tablet,SAMSUNG-SM-T285(A7-2016),,Beli,PO20180905R,Cek,,,030702,DP BEKASI,,,358525072838349,,DP BEKASI
RR2K8004MBF,Tablet,,,,,,,,,,,,,,KIRIM KE PUSAT
RR2K8004MLP,Tablet,SAMSUNG-SM-T285(A7-2016),,Beli,PO20180905R,Cek,X03060026,,030601,DP BOGOR,B9844BCN,,358525072838463,,DP BOGOR
RR2K80061MA,Tablet,SAMSUNG-SM-T285(A7-2016),,Beli,PO20181210,Cek,,DPKSC1-MR X,030028,WILAYAH BODEBEK,,,358525072848751,,"pecah,bocor"
RR2K80061ZB,Tablet,,,,,Cek,,,,,,,,,KIRIM KE PUSAT
RR2K80063XW,Tablet,SAMSUNG-SM-T285(A7-2016),,Beli,PO20180905R,Cek,,,030705,DP CIKARANG,,,358525072849502,,DP CIKARANG
RR2K80065BH,Tablet,SAMSUNG-SM-T285(A7-2016),,Beli,PO20181210,Cek,,CLGAC2-JOSUA AHMAD T,030604,DP CILEUNGSI,,,358525072849973,,JUAL
RR2K8006BLL,Tablet,SAMSUNG-SM-T285(A7-2016),,Beli,PO20181210,Cek,,,030604,DP CILEUNGSI,,,358525072852043,,
RR2K8006JJW,Tablet,SAMSUNG-SM-T285(A7-2016),,Beli,PO20181023,Cek,,,030028,WILAYAH BODEBEK,,,358525072854338 ,,"pecah,gelembung"
RR2K8006JPN,Tablet,SAMSUNG-SM-T285(A7-2016),,Beli,PO20181023,Cek,,,030028,WILAYAH BODEBEK,,,358525072854387 ,,"pecah,bocor"
RR2K8006JTF,Tablet,,,,,,,,,,,,,,KIRIM KE PUSAT
RR2K8007KMA,Tablet,SAMSUNG-SM-T285(A7-2016),,Beli,PO20181210,Cek,,,030702,DP BEKASI,,,358525072865581,,DP BEKASI
RR2K8007MGN,Tablet,SAMSUNG-SM-T285(A7-2016),,Beli,PO20181210,Cek,,DPKSC1-MR X,030028,WILAYAH BODEBEK,,,358525072866191,,"pecah,bocor"
RR2K8007NKN,Tablet,SAMSUNG-SM-T285(A7-2016),,Beli,PO20181210,Cek,,KRWSC1-MR X,030722,DP KARAWANG,,,358525072866555,,
RR2K8007NNB,Tablet,SAMSUNG-SM-T285(A7-2016),,Beli,PO20181210,Cek,,,030702,DP BEKASI,,,358525072866589,,
RR2K8007NTH,Tablet,SAMSUNG-SM-T285(A7-2016),,Beli,PO20181210,Cek,,CKRCKH-MISBAH,030028,WILAYAH BODEBEK,,,358525072866639,,"pecah,bocor"
RR2K8007NXA,Tablet,SAMSUNG-SM-T285(A7-2016),,Beli,PO20181210,Cek,,,030610,DP DEPOK,,,358525072866662,,
RR2K8007P1X,Tablet,SAMSUNG-SM-T285(A7-2016),,Beli,PO20181210,Cek,,,030705,DP CIKARANG,,,358525072866704,,DP CIKARANG
RR2K800JYKV,Tablet,SAMSUNG-SM-T285(A7-2016),,Beli,PO20181015,Cek,,CMPAC1-MR X,030028,WILAYAH BODEBEK,,,358525072907011,,WILAYAH BODEBEK
RR2K800K06X,Tablet,SAMSUNG-SM-T285(A7-2016),,Beli,GM-PO20180910,Cek,,KRWOTA-YULIUS PITORA,030722,DP KARAWANG,,,358525072907540,,
RR2K800K0AE,Tablet,SAMSUNG-SM-T285(A7-2016),,Beli,PO20181015,Cek,,DPKAC2-MOCH RIZKI K,030028,WILAYAH BODEBEK,,,358525072907581,,WILAYAH BODEBEK
RR2K800K1CT,Tablet,SAMSUNG-SM-T285(A7-2016),,Beli,GM-PO20180910,Cek,,BKSSC1-MR X,030702,DP BEKASI,,,358525072907938,,
RR2K800K4GD,Tablet,SAMSUNG-SM-T285(A7-2016),,Beli,PO20181015,Cek,,BGRMDS-MR X,030601,DP BOGOR,,,358525072908969,,DP BOGOR
RR2K800K66L,Tablet,,,,,,,,,,,,,,KIRIM KE PUSAT
RR2K800K67N,Tablet,,,,,,,,,,,,,,KIRIM KE PUSAT
RR2K800K68T,Tablet,SAMSUNG-SM-T285(A7-2016),,Beli,PO20181015,Cek,,BKSOTA-WIDA SETYA HADI,030702,DP BEKASI,,,358525072909546,,
RR2K800K6BF,Tablet,SAMSUNG-SM-T285(A7-2016),,Beli,PO20181015,Cek,,KRWOTA-RIPKI UMAR H,030722,DP KARAWANG,,,358525072909579,,DP KARAWANG
RR2K800K6CK,Tablet,,,,,,,,,,,,,,KIRIM KE PUSAT
RR2K800K6DR,Tablet,SAMSUNG-SM-T285(A7-2016),,Beli,PO20181102,Cek,D26001258,,030601,DP BOGOR,B9749BCI,,358525072909595,,
RR2K800K6EZ,Tablet,SAMSUNG-SM-T285(A7-2016),,Beli,PO20181015,Cek,,,030028,WILAYAH BODEBEK,,,358525072909603,,WILAYAH BODEBEK
RR2K800K6JA,Tablet,SAMSUNG-SM-T285(A7-2016),,Beli,PO20181015,Cek,,,030601,DP BOGOR,,,358525072909645,,SUDAH DI KIRIM KE DKI
RR2K800K6KM,Tablet,SAMSUNG-SM-T285(A7-2016),,Beli,PO20181023,Cek,,KRWSC1-ENGKUS KURNIAWAN,030722,DP KARAWANG,,,358525072909652 ,,
RR2K800K6ND,Tablet,,,,,,,,,,,,,,KIRIM KE PUSAT
RR2K800K6WB,Tablet,SAMSUNG-SM-T285(A7-2016),,Beli,PO20181023,Cek,,,030603,DP CIAMPEA,,,358525072909751 ,,
RR2K800K75W,Tablet,SAMSUNG-SM-T285(A7-2016),,Beli,PO20181015,Cek,,,030028,WILAYAH BODEBEK,,,358525072909843,,WILAYAH BODEBEK
RR2K800K7VL,Tablet,SAMSUNG-SM-T285(A7-2016),,Beli,PO20181015,Cek,,,030028,WILAYAH BODEBEK,,,358525072910072,,WILAYAH BODEBEK
RR2K800K7XT,Tablet,SAMSUNG-SM-T285(A7-2016),,Beli,PO20181015,Cek,,,030028,WILAYAH BODEBEK,,,358525072910098,,SUDAH DI KIRIM KE DKI
RR2K800K84J,Tablet,SAMSUNG-SM-T285(A7-2016),,Beli,PO20181015,Cek,,CMPAC1-MR X,030028,WILAYAH BODEBEK,,,358525072910163,,WILAYAH BODEBEK
RR2K800K86M,Tablet,SAMSUNG-SM-T285(A7-2016),,Beli,PO20181015,Jual,,,030028,WILAYAH BODEBEK,,,358525072910189,,ASURANSI
RR2K800K8BX,Tablet,,,,,,,,,,,,,,KIRIM KE PUSAT
RR2K800K8LZ,Tablet,,,,,,,,,,,,,,KIRIM KE PUSAT
RR2K800K8MH,Tablet,SAMSUNG-SM-T285(A7-2016),,Beli,PO20181015,Cek,,BGRAC1-MR X,030028,WILAYAH BODEBEK,,,358525072910338,,WILAYAH BODEBEK
RR2K800K8SP,Tablet,SAMSUNG-SM-T285(A7-2016),,Beli,PO20181015,Cek,,,030722,DP KARAWANG,,,358525072910387,,KIRIM KE PUSAT
RR2K800K93R,Tablet,SAMSUNG-SM-T285(A7-2016),,Beli,PO20181015,Cek,,KRWSC2-SUHENDI,030722,DP KARAWANG,,,358525072910486,,DP KARAWANG
RR2K800KA1T,Tablet,SAMSUNG-SM-T285(A7-2016),,Beli,PO20181023,Cek,,,030722,DP KARAWANG,,,358525072910791 ,,KIRIM KE PUSAT
RR2K800KA4F,Tablet,SAMSUNG-SM-T285(A7-2016),,Beli,PO20181015,Cek,D23005749,,030722,DP KARAWANG,B9429BCM,,358525072910825,,DP KARAWANG
RR2K800KA5K,Tablet,SAMSUNG-SM-T285(A7-2016),,Beli,PO20181023,Cek,,,030028,WILAYAH BODEBEK,,,358525072910833 ,,"pecah,bocor"
RR2K800KAAJ,Tablet,SAMSUNG-SM-T285(A7-2016),,Beli,PO20181015,Cek,,,030028,WILAYAH BODEBEK,,,358525072910882,,DP KARAWANG
RR2K800KAYM,Tablet,SAMSUNG-SM-T285(A7-2016),,Beli,PO20181015,Cek,,KRWOTA-GANU GUMELAR,030722,DP KARAWANG,,,358525072911096,,DP KARAWANG
RR2K800KCDZ,Tablet,SAMSUNG-SM-T285(A7-2016),,Beli,PO20181015,Cek,,,030028,WILAYAH BODEBEK,,,358525072911575,,WILAYAH BODEBEK
RR2K800KEMY,Tablet,SAMSUNG-SM-T285(A7-2016),,Beli,PO20181023,Cek,,,030702,DP BEKASI,,,358525072912318 ,,
RR2K800KFCV,Tablet,,,,,,,,,,,,,,KIRIM KE PUSAT
RR2K800KFZX,Tablet,SAMSUNG-SM-T285(A7-2016),,Beli,PO20181023,Cek,,,030028,WILAYAH BODEBEK,,,358525072912755 ,,"pecah,bocor"
RR2K800KLHR,Tablet,SAMSUNG-SM-T285(A7-2016),,Beli,PO20181015,Cek,,,030028,WILAYAH BODEBEK,,,358525072914256,,KIRIM KE PUSAT
RR2K800KM7M,Tablet,SAMSUNG-SM-T285(A7-2016),,Beli,PO20181015,Jual,,,030028,WILAYAH BODEBEK,,,358525072914488,,WILAYAH BODEBEK
RR2K800KMBV,Tablet,SAMSUNG-SM-T285(A7-2016),,Beli,PO20181015,Cek,,,030028,WILAYAH BODEBEK,,,358525072914520,,WILAYAH BODEBEK
RR2K800KMDL,Tablet,SAMSUNG-SM-T285(A7-2016),,Beli,PO20181015,Cek,,BGRAEH-RAIHAN A,030028,WILAYAH BODEBEK,,,358525072914546,,WILAYAH BODEBEK (CEK FOTO)
RR2K800KMHB,Tablet,SAMSUNG-SM-T285(A7-2016),,Beli,PO20181015,Cek,,,030028,WILAYAH BODEBEK,,,358525072914587,,WILAYAH BODEBEK
RR2K800KMJF,Tablet,SAMSUNG-SM-T285(A7-2016),,Beli,PO20181015,Cek,,,030705,DP CIKARANG,,,358525072914595,,DP CIKARANG
RR2K800KMPY,Tablet,SAMSUNG-SM-T285(A7-2016),,Beli,PO20181015,Cek,,,030028,WILAYAH BODEBEK,,,358525072914645,,WILAYAH BODEBEK
RR2K800KMTP,Tablet,SAMSUNG-SM-T285(A7-2016),,Beli,PO20181015,Cek,,BGROTA-AHMAD SUTRISNO,030028,WILAYAH BODEBEK,,,358525072914686,,WILAYAH BODEBEK
RR2K800KMXV,Tablet,,,,,,,,,,,,,,KIRIM KE PUSAT
RR2K800KN2F,Tablet,SAMSUNG-SM-T285(A7-2016),,Beli,PO20181015,Cek,,,030028,WILAYAH BODEBEK,,,358525072914769,,"pecah,bocor"
RR2K800KN3K,Tablet,SAMSUNG-SM-T285(A7-2016),,Beli,PO20181015,Hilang,,,030610,DP DEPOK,,,358525072914777,,HILANG
RR2K800KN6H,Tablet,SAMSUNG-SM-T285(A7-2016),,Beli,PO20181015,Cek,,,030601,DP BOGOR,,,358525072914801,,
RR2K800KN8J,Tablet,SAMSUNG-SM-T285(A7-2016),,Beli,PO20181015,Cek,D24008167,CKROTA-MR X,030705,DP CIKARANG,B9926BCV,,358525072914827,,DP CIKARANG
RR2K800KQ6E,Tablet,SAMSUNG-SM-T285(A7-2016),,Beli,PO20181015,Jual,,,030028,WILAYAH BODEBEK,,,358525072915469,,ASURANSI
RR2K800KQAR,Tablet,SAMSUNG-SM-T285(A7-2016),,Beli,PO20181015,Cek,,,030610,DP KARAWANG,,,358525072915501,,DP DEPOK
RR2K800KQBZ,Tablet,SAMSUNG-SM-T285(A7-2016),,Beli,PO20181015,Cek,,KRWSC1-MR X,030722,DP KARAWANG,,,358525072915519,,DP KARAWANG
RR2K800KQHP,Tablet,SAMSUNG-SM-T285(A7-2016),,Beli,PO20181015,Cek,D12003595,,030722,DP KARAWANG,B9427BCM,,358525072915576,,DP KARAWANG
RR2K900ZRXX,Tablet,SAMSUNG-SM-T285(A7-2016),,Beli,GM-PO20190122,Cek,D24005158,,030601,DP BOGOR,B9523BCV,,358525073027033,,
RR2K900ZS0R,Tablet,SAMSUNG-SM-T285(A7-2016),,Beli,GM-PO20190122,Cek,,DPKAC2-ARIYANTO,030028,WILAYAH BODEBEK,,,358525073027066,,"pecah,bocor"
RR2K900ZS5W,Tablet,SAMSUNG-SM-T285(A7-2016),,Beli,GM-PO20190122,Cek,D23005994,BKSOTA-LUKI ADIMARA,030702,DP BEKASI,B9027SCN,,358525073027116,,
RR2K900ZS9Y,Tablet,SAMSUNG-SM-T285(A7-2016),,Beli,GM-PO20190122,Cek,,DPKOTA-FERRY YUSDIANSYAH,030028,WILAYAH BODEBEK,,,358525073027157,,"pecah,bocor"
RR2K900ZSAB,Tablet,SAMSUNG-SM-T285(A7-2016),,Beli,GM-PO20190122,Cek,,,030028,WILAYAH BODEBEK,,,358525073027165,,"pecah,bocor"
RR2K900ZYLW,Tablet,SAMSUNG-SM-T285(A7-2016),,Beli,GM-PO20190122,Cek,D23005827,BKSOTA-MUKHAMMAD SAEFUL,030702,DP BEKASI,B9340BXH,,358525073028916,,
RR2K901023K,Tablet,SAMSUNG-SM-T285(A7-2016),,Beli,GM-PO20190116,Cek,D11003316,,030705,DP CIKARANG,B9171SCJ,,358525073030060,,
RR2K9010EWH,Tablet,SAMSUNG-SM-T285(A7-2016),,Beli,GM-PO20190122,Cek,,CLGSC1-MR X,030028,WILAYAH BODEBEK,,,358525073034286,,"pecah,bocor"
RR2K9010FRM,Tablet,SAMSUNG-SM-T285(A7-2016),,Pengganti sementara,GM-PO20190122,Cek,,,030028,WILAYAH BODEBEK,,,358525073034575,,"pecah,bocor"
RR2K9010FTN,Tablet,,,,,,,,,,,,,,KIRIM KE PUSAT
RR2K9010GET,Tablet,SAMSUNG-SM-T285(A7-2016),,Beli,GM-PO20190122,Cek,,,030601,DP BOGOR,,,358525073034799,,
RR2KA00FADD,Tablet,SAMSUNG-SM-T285(A7-2016),,Beli,GM-PO20190207,Cek,,CLGBG3-AHMAD FAHMI,030604,DP CILEUNGSI,,,358525073139317,,JUAL
RR2KA00FAEE,Tablet,SAMSUNG-SM-T285(A7-2016),,Beli,GM-PO20190207,Cek,,,030610,DP DEPOK,,,358525073139325,,
RR2KA00FAFH,Tablet,SAMSUNG-SM-T285(A7-2016),,Beli,GM-PO20190207,Hilang,,,030603,DP CIAMPEA,,,358525073139333,,HILANG
RR2KA00FAHT,Tablet,SAMSUNG-SM-T285(A7-2016),,Beli,GM-PO20190207,Cek,,KRWSC1-MR X,030722,DP KARAWANG,,,358525073139358,,
RR2KA00FAMR,Tablet,SAMSUNG-SM-T285(A7-2016),,Beli,GM-PO20190207,Cek,,,030610,DP DEPOK,,,358525073139390,,
RR2KA00FAQK,Tablet,SAMSUNG-SM-T285(A7-2016),,Beli,GM-PO20190207,Cek,,BGRAC1-MR X,030028,WILAYAH BODEBEK,,,358525073139424,,"pecah,bocor"
RR2KA00FAXB,Tablet,SAMSUNG-SM-T285(A7-2016),,Beli,GM-PO20190207,Cek,,DPKOTA-NUGRAHA WAHYU,030028,WILAYAH BODEBEK,,,358525073139481,,"pecah,bocor"
RR2KA00FB0W,Tablet,SAMSUNG-SM-T285(A7-2016),,Beli,GM-PO20190207,Cek,,DPKSC1-MR X,030610,DP DEPOK,,,358525073139515,,
RR2KA00FCFJ,Tablet,SAMSUNG-SM-T285(A7-2016),,Beli,GM-PO20190207,Hilang,,,030603,DP CIAMPEA,,,358525073139994,,HILANG
RR2KA00FCNW,Tablet,SAMSUNG-SM-T285(A7-2016),,Beli,GM-PO20190207,Cek,,,030028,WILAYAH BODEBEK,,,358525073140067,,"pecah,bocor"
RR2KA00GNDY,Tablet,SAMSUNG-SM-T285(A7-2016),,Beli,PO20190503,Cek,,DPKOTA-FERNANDI PUTRA WIJAYA,030028,WILAYAH BODEBEK,,,358525073154167,,"pecah,bocor"
RR2KA00GR1V,Tablet,SAMSUNG-SM-T285(A7-2016),,Beli,PO20181226,Cek,X08040190,BGROTA-MR X,030601,DP BOGOR,B9603KCF,,358525073155032,,
RR2KB002N8L,Tablet,SAMSUNG-SM-T285(A7-2016),,Beli,PO20181226,Cek,,,030028,WILAYAH BODEBEK,,,358525073184388,,WILAYAH BODEBEK
RR2KB009ETD,Tablet,SAMSUNG-SM-T285(A7-2016),,Beli,PO20181226,Cek,,,030028,WILAYAH BODEBEK,,,358525073232161,,"pecah,bocor"
RR2KB009F0Z,Tablet,,,,,Cek,,,,,,,,,KIRIM KE PUSAT
RR2KB009F1R,Tablet,SAMSUNG-SM-T285(A7-2016),,Beli,PO20181226,Cek,,,030722,DP KARAWANG,,,358525073232237,,DP KARAWANG
RR2KB009F3F,Tablet,SAMSUNG-SM-T285(A7-2016),,Beli,PO20181226,Cek,,,030028,WILAYAH BODEBEK,,,358525073232252,,"pecah,bocor"
RR2KB009F4B,Tablet,SAMSUNG-SM-T285(A7-2016),,Beli,PO20181226,Cek,,CLGOTA-ILHAM SEPTIA W,030604,DP CILEUNGSI,,,358525073232260,,JUAL
RR2KB009F6T,Tablet,SAMSUNG-SM-T285(A7-2016),,Beli,PO20181226,Cek,,,030028,WILAYAH BODEBEK,,,358525073232286,,"pecah,bocor"
RR2KB009F8L,Tablet,SAMSUNG-SM-T285(A7-2016),,Beli,PO20181226,Cek,,,030601,DP BOGOR,,,358525073232302,,
RR2KB009FBD,Tablet,SAMSUNG-SM-T285(A7-2016),,Beli,PO20181226,Cek,,,030028,WILAYAH BODEBEK,,,358525073232336,,"pecah,bocor"
RR2KB009FLR,Tablet,SAMSUNG-SM-T285(A7-2016),,Beli,PO20181226,Cek,,,030028,WILAYAH BODEBEK,,,358525073232427,,ASURANSI
RR2KB009HYT,Tablet,SAMSUNG-SM-T285(A7-2016),,Beli,PO20181226,Cek,,DPKSC1-MR X,030028,WILAYAH BODEBEK,,,358525073233193,,"pecah,bocor"
RR2KB009J2W,Tablet,SAMSUNG-SM-T285(A7-2016),,Beli,PO20181226,Cek,,,030610,DP DEPOK,,,358525073233235,,
RR2KB009J7Y,Tablet,,,,,Cek,,,,,,,,,KIRIM KE PUSAT
RR2KB009J8H,Tablet,SAMSUNG-SM-T285(A7-2016),,Beli,PO20181226,Cek,,KRWOTA-RIZKI ANNECHA,030722,DP KARAWANG,,,358525073233292,,
RR2KB009JGN,Tablet,SAMSUNG-SM-T285(A7-2016),,Beli,PO20181226,Cek,,CLGSC1-MR X,030028,WILAYAH BODEBEK,,,358525073233375,,"pecah,bocor"
RR2KB009JJX,Tablet,,,,,Cek,,,,,,,,,KIRIM KE PUSAT
RR2KB009KPD,Tablet,SAMSUNG-SM-T285(A7-2016),,Beli,PO20181226,Cek,,BGRMDS-MR X,030601,DP BOGOR,,,358525073233771,,DP BOGOR
RR2KB009M3B,Tablet,SAMSUNG-SM-T285(A7-2016),,Beli,PO20181226,Cek,,,030601,DP BOGOR,,,358525073234233,,
RR2KB009M5T,Tablet,SAMSUNG-SM-T285(A7-2016),,Beli,PO20181226,Cek,,,030028,WILAYAH BODEBEK,,,358525073234258,,WILAYAH BODEBEK
RR2KB009Q5J,Tablet,,,,,Cek,,,,,,,,,KIRIM KE PUSAT
RR2KB009QDE,Tablet,,,,,Cek,,,,,,,,,KIRIM KE PUSAT
RR2KB009QSH,Tablet,,,,,Cek,,,,,,,,,KIRIM KE PUSAT
RR2KB009QTZ,Tablet,,,,,Cek,,,,,,,,,KIRIM KE PUSAT
RR2KB009QWK,Tablet,,,,,Cek,,,,,,,,,KIRIM KE PUSAT
RR2KB009QXF,Tablet,SAMSUNG-SM-T285(A7-2016),,Beli,PO20181226,Cek,D23008913,,030601,DP BOGOR,B9519BCV,,358525073235495,,
RR2KB009QZE,Tablet,SAMSUNG-SM-T285(A7-2016),,Beli,PO20181226,Cek,,,030601,DP BOGOR,,,358525073235511,,DP BOGOR
RR2KB009R2V,Tablet,SAMSUNG-SM-T285(A7-2016),,Beli,PO20181226,Cek,,,030028,WILAYAH BODEBEK,,,358525073235545,,"pecah,bocor"
RR2KB009R8J,Tablet,SAMSUNG-SM-T285(A7-2016),,Beli,PO20181226,Cek,,CMPBC1-MR X,030028,WILAYAH BODEBEK,,,358525073235602,,baik
RR2KB009REF,Tablet,,,,,Cek,,,,,,,,,KIRIM KE PUSAT
RR2KB009SSW,Tablet,SAMSUNG-SM-T285(A7-2016),,Beli,PO20181226,Cek,,CMPAEH-MR X,030028,WILAYAH BODEBEK,,,358525073236113,,baik
RR2KB00D2MV,Tablet,SAMSUNG-SM-T285(A7-2016),,Beli,GM-PO20190207,Cek,,BGROTA-MR X,030028,WILAYAH BODEBEK,,,358525073251203,,"pecah,bocor"
RR2KJB00G3LY,Tablet,,,,,,,,,,,,,,JUAL
RR2M100388K,Tablet,SAMSUNG-SM-T285(A7-2016),,Beli,GM-PO20190305,Cek,,,030028,WILAYAH BODEBEK,,,358525073437489,,ASURANSI
RR2M1003BZW,Tablet,SAMSUNG-SM-T285(A7-2016),,Beli,PO20190503,Cek,,CKROTA-RIFKY SEPTIAN,030028,WILAYAH BODEBEK,,,358525073438719,,"pecah,bocor"
RR2M1003C2X,Tablet,,,,,Cek,,,,,,,,,KIRIM KE PUSAT
RR2M1003CEY,Tablet,SAMSUNG-SM-T285(A7-2016),,Beli,PO20190503,Cek,D22002229,,030601,DP BOGOR,B9971BCN,,358525073438867,,
RR2M1003CTP,Tablet,SAMSUNG-SM-T285(A7-2016),,Beli,PO20190503,Cek,,DPKBG2-DE YOSHIRO GORE,030028,WILAYAH BODEBEK,,,358525073438990,,"pecah,bocor"
RR2M1003CZV,Tablet,SAMSUNG-SM-T285(A7-2016),,Beli,PO20190503,Cek,,CKROTA-FIRMANSYAH DWI S,030028,WILAYAH BODEBEK,,,358525073439048,,"pecah,bocor"
RR2M1003S0E,Tablet,SAMSUNG-SM-T285(A7-2016),,Beli,PO20190503,Cek,,,030601,DP BOGOR,,,358525073443347,,
RR2M1005L7E,Tablet,SAMSUNG-SM-T285(A7-2016),,Beli,GM-PO20190304,Cek,,KRWAC2-ZAMALUDIN,030722,DP KARAWANG,,,358525073445482,,
RR2M1005L9Z,Tablet,SAMSUNG-SM-T285(A7-2016),,Beli,GM-PO20190304,Cek,,CMPBC1-MUHAMAD RAMDHANI,030028,WILAYAH BODEBEK,,,358525073445508,,baik
RR2M1005LKP,Tablet,SAMSUNG-SM-T285(A7-2016),,Beli,GM-PO20190304,Cek,D01000314,,030601,DP BOGOR,B9280IK,,358525073445607,,
RR2M1005MEM,Tablet,SAMSUNG-SM-T285(A7-2016),,Beli,GM-PO20190301,Cek,,BGROTA-HANDIAR AGUSTIAN,030028,WILAYAH BODEBEK,,,358525073445888,,"pecah,bocor"
RR2M1005VAV,Tablet,,,,,,,,,,,,,,KIRIM KE PUSAT
RR2M10060NA,Tablet,SAMSUNG-SM-T285(A7-2016),,Beli,GM-PO20190304,Cek,D26002824,,030722,DP KARAWANG,B9514BCL,,358525073448213,,
RR2M30007HR,Tablet,SAMSUNG-SM-T285(A7-2016),,Beli,PO20190503,Cek,,CMPAC1-BAGIA RACHMAT ROJALI,030028,WILAYAH BODEBEK,,,358525073483947,,baik
RR2M300080H,Tablet,SAMSUNG-SM-T285(A7-2016),,Beli,PO20190503,Cek,,,030601,DP BOGOR,,,358525073484101,,
RR2M300084N,Tablet,,,,,Cek,,,,,,,,,KIRIM KE PUSAT
RR2M3000CBJ,Tablet,SAMSUNG-SM-T285(A7-2016),,Beli,PO20190503,Cek,,CLGOTA-ASEP SUMANTRI W,030604,DP CILEUNGSI,,,358525073485538,,JUAL
RR2M3000EEV,Tablet,SAMSUNG-SM-T285(A7-2016),,Beli,PO20190503,Cek,,KRWSC1-MR X,030722,DP KARAWANG,,,358525073486221,,
RR2M3000EHJ,Tablet,,,,,Cek,,,,,,,,,KIRIM KE PUSAT
RR2M3000EKR,Tablet,SAMSUNG-SM-T285(A7-2016),,Beli,PO20190503,Cek,,BKSBG3-JUNAEDI,030702,DP BEKASI,,,358525073486270,,
RR2M3000EPX,Tablet,SAMSUNG-SM-T285(A7-2016),,Beli,PO20190503,Cek,,CKROTA-ANAS TIRANA,030028,WILAYAH BODEBEK,,,358525073486312,,"pecah,bocor"
RR2M3000EXB,Tablet,SAMSUNG-SM-T285(A7-2016),,Beli,PO20190503,Cek,,BGRSC2-NADI PRASTAMA,030601,DP BOGOR,,,358525073486387,,JUAL
RR2M3000GEY,Tablet,SAMSUNG-SM-T285(A7-2016),,Beli,PO20190503,Cek,,,030028,WILAYAH BODEBEK,,,358525073486882,,ASURANSI
RR2M3000H1B,Tablet,,,,,Cek,,,,,,,,,KIRIM KE PUSAT
RR2M3000HAF,Tablet,SAMSUNG-SM-T285(A7-2016),,Beli,PO20190503,Cek,,CLGOTA-FAJAR,030028,WILAYAH BODEBEK,,,358525073487179,,"pecah,bocor"
RR2M3000HCN,Tablet,,,,,Cek,,,,,,,,,KIRIM KE PUSAT
RR2M3000J0A,Tablet,,,,,Cek,,,,,,,,,KIRIM KE PUSAT
RR2M3000J6L,Tablet,SAMSUNG-SM-T285(A7-2016),,Beli,PO20190503,Cek,,,030722,DP KARAWANG,,,358525073487468,,DP KARAWANG
RR2M3000J9M,Tablet,SAMSUNG-SM-T285(A7-2016),,Beli,PO20190503,Cek,,KRWSC2-IRWAN S,030722,DP KARAWANG,,,358525073487492,,
RR2M3000JAJ,Tablet,SAMSUNG-SM-T285(A7-2016),,Beli,PO20190503,Cek,,BGRAC1-MR X,030028,WILAYAH BODEBEK,,,358525073487500,,"pecah,bocor"
RR2M3000JDF,Tablet,SAMSUNG-SM-T285(A7-2016),,Beli,PO20190503,Cek,,DPKSC1-MR X,030028,WILAYAH BODEBEK,,,358525073487534,,lcd pecah
RR2M3000JKA,Tablet,SAMSUNG-SM-T285(A7-2016),,Beli,PO20190503,Cek,,,030028,WILAYAH BODEBEK,,,358525073487591,,"pecah,bocor"
RR2M3000L8Z,Tablet,SAMSUNG-SM-T285(A7-2016),,Beli,PO20190503,Cek,,,030604,DP CILEUNGSI,,,358525073488144,,
RR2M3000LBT,Tablet,SAMSUNG-SM-T285(A7-2016),,Beli,PO20190503,Cek,,KRWOTA-MUHAMAD FAJAR Z,030722,DP KARAWANG,,,358525073488177,,
RR2M3000LFM,Tablet,SAMSUNG-SM-T285(A7-2016),,Beli,PO20190503,Cek,,KRWOTA-ANDI NUR ALI,030722,DP KARAWANG,,,358525073488219,,
RR2M3000M3F,Tablet,SAMSUNG-SM-T285(A7-2016),,Beli,PO20190503,Cek,,CLGSC2-IGNASIUS ARIANDA,030028,WILAYAH BODEBEK,,,358525073488425,,"pecah,bocor"
RR2M3000MET,Tablet,SAMSUNG-SM-T285(A7-2016),,Beli,PO20190503,Cek,,,030028,WILAYAH BODEBEK,,,358525073488532,,ASURANSI
RR2M3000SLN,Tablet,SAMSUNG-SM-T285(A7-2016),,Beli,PO20190503,Cek,,,030028,WILAYAH BODEBEK,,,358525073490249,,baik
RR2M30013WE,Tablet,SAMSUNG-SM-T285(A7-2016),,Beli,PO20190503,Cek,D19003547,,030601,DP BOGOR,B9868BCN,,358525073493631,,
RR2M300159V,Tablet,,,,,Cek,,,,,,,,,KIRIM KE PUSAT
RR2M30017MF,Tablet,SAMSUNG-SM-T285(A7-2016),,Beli,PO20190613,Cek,,,030028,WILAYAH BODEBEK,,,358525073494878,,"pecah,bocor"
RR2M3001BNZ,Tablet,SAMSUNG-SM-T285(A7-2016),,Beli,PO20190613,Cek,,DPKOTA-NUGIE ANDREAN S,030610,DP DEPOK,,,358525073496204,,
RR2M3001LSD,Tablet,,,,,Cek,,,,,,,,,KIRIM KE PUSAT
RR2M3003RNH,Tablet,SAMSUNG-SM-T285(A7-2016),,Beli,PO20190613,Cek,,KRWOTA-JEPRI ANDREAS,030722,DP KARAWANG,,,358525073522173,,
RR2M300D9KV,Tablet,SAMSUNG-SM-T285(A7-2016),,Beli,PO20190503,Cek,D24005161,,030601,DP BOGOR,B9699BCX,,358525073562575,,
RR2M300DBKY,Tablet,,,,,Cek,,,,,,,,,KIRIM KE PUSAT
RR2M5003PQT,Tablet,SAMSUNG-SM-T285(A7-2016),,Beli,PO20190915,Cek,D10004488,,030722,DP KARAWANG,B9399BCU,,358525073659041,,
RR2M5004C6L,Tablet,SAMSUNG-SM-T285(A7-2016),,Beli,PO20190915,Cek,,,030601,DP BOGOR,,,358525073666129,,
RR2M500D2WT,Tablet,SAMSUNG-SM-T285(A7-2016),,Beli,PO20190915,Cek,,KRWOTA-BAMBANG PAMUNGKAS,030722,DP KARAWANG,,,358525073717385,,
RR8K206WLAE,Tablet,SAMSUNG XCOVER,,Beli,PO20201223,Cek,,,030028,WILAYAH BODEBEK,,,355410090006737,,SUDAH DI KIRIM KE DKI
RR8K206WLJF,Tablet,SAMSUNG XCOVER,,Beli,PO20201223,Cek,,,030028,WILAYAH BODEBEK,,,355410090006810,,"tmbl,bocor"
RR8K206WTLF,Tablet,SAMSUNG X-COVER,,Beli,PO20200701,Cek,,CMPOTA-TAUFIK IMAM P,030028,WILAYAH BODEBEK,,,355410090009145,,"rsk tmbl,bocor"
RR8K206WVDA,Tablet,SAMSUNG XCOVER,,Beli,PO20201223,Cek,,CMPOTA-REGA Y,030028,WILAYAH BODEBEK,,,355410090009400,,"tmbl,bcr"
RR8K206X04J,Tablet,SAMSUNG XCOVER,,Beli,PO20201223,Cek,,,030028,WILAYAH BODEBEK,,,355410090010960,,SUDAH DI KIRIM KE DKI
RR8K206X5RE,Tablet,SAMSUNG XCOVER,,Beli,PO20201223,Cek,D18010071,,030705,DP CIKARANG,B9830BCN,,355410090012826,,
RR8K206X64D,Tablet,SAMSUNG XCOVER,,Beli,PO20201223,Cek,,,030601,DP BOGOR,,,355410090012941,,SUDAH DI KIRIM KE DKI
RR8K206X66R,Tablet,SAMSUNG XCOVER,,Beli,PO20201223,Cek,,,030028,WILAYAH BODEBEK,,,355410090012966,,"tmbl,bocor"
RR8K208AN0R,Tablet,SAMSUNG XCOVER,,Beli,PO20201223,Cek,,BGROTA-FAHRUROJI,030601,DP BOGOR,,,355410090017999,,
RR8K208ANTH,Tablet,SAMSUNG XCOVER,,Beli,PO20201223,Cek,,CMPOTA-ERWIN WIJAYADI,030028,WILAYAH BODEBEK,,,355410090018260,,"tmbl,bocor"
RR8K208ARBV,Tablet,SAMSUNG XCOVER,,Beli,PO20201223,Cek,,,030028,WILAYAH BODEBEK,,,355410090019094,,"tmbl,bocor"
RR8K208AZAT,Tablet,SAMSUNG XCOVER,,Beli,PO20201223,Cek,,,030028,WILAYAH BODEBEK,,,355410090021397,,SUDAH DI KIRIM KE DKI
RR8K209P45D,Tablet,,,,,,,,,,,,,,KIRIM KE PUSAT
RR8K209P67W,Tablet,SAMSUNG XCOVER,,Beli,PO20201223,Cek,,,030028,WILAYAH BODEBEK,,,355410090028004,,SUDAH DI KIRIM KE DKI
RR8K209Q5HZ,Tablet,SAMSUNG XCOVER,,Beli,PO20201223,Cek,,CLGOTA-DIMAS NOVIANTO,030604,DP CILEUNGSI,,,355410090028939,,JUAL
RR8K209Q9PD,Tablet,SAMSUNG XCOVER,,Beli,PO20201223,Cek,,,030702,DP BEKASI,,,355410090030315,,
RR8K209QE3A,Tablet,SAMSUNG XCOVER,,Beli,PO20201223,Cek,,,030702,DP BEKASI,,,355410090031768,,
RR8K209QKSP,Tablet,SAMSUNG XCOVER,,Beli,PO20201223,Cek,,BGRAC2-ADE IRAWAN,030601,DP DEPOK,,,355410090033640,,
RR8K209QN2N,Tablet,SAMSUNG XCOVER,,Beli,PO20201223,Cek,,BGROTA-MR X,030028,WILAYAH BODEBEK,,,355410090034390,,"tmbl,bcr"
RR8K20BCMQY,Tablet,SAMSUNG XCOVER,,Beli,PO20201223,Cek,,,030028,WILAYAH BODEBEK,,,355410090035702,,"tmbl,bocor"
RR8K20BCXLR,Tablet,SAMSUNG XCOVER,,Beli,PO20201223,Cek,,CMPOTA-LUKMAN BAMBANG P,030028,WILAYAH BODEBEK,,,355410090038631,,"tmbl,bocor"
RR8K20BD21M,Tablet,SAMSUNG XCOVER,,Beli,PO20201223,Cek,,,030601,DP BOGOR,,,355410090040090,,
RR8KB0V55PN,Tablet,SAMSUNG XCOVER,,Beli,PO20210227,Cek,,CKROTA-FIQH EKA A,030705,DP CIKARANG,,,355410090166721,,
RR8KB0V56DP,Tablet,SAMSUNG XCOVER,,Beli,PO20210227,Cek,T08072230,KRWBG3-ADRIAN F,030722,DP KARAWANG,B9588O,,355410090166952,,
RR8KB0V56JH,Tablet,SAMSUNG XCOVER,,Beli,P020210319,Cek,D26003331,CKROTA-ADI RAMADHAN S,030705,DP CIKARANG,B9029SCN,,355410090167000,,
RR8KC000EPM,Tablet,,,,,,,,,,,,,,KIRIM KE PUSAT
RR8KC01HP6X,Tablet,SAMSUNG XCOVER,,Beli,P020210319,Cek,D08001438,,030705,DP CIKARANG,B9720BCQ,,355410090157886,,
RR8KC01J3PW,Tablet,SAMSUNG XCOVER,,Beli,P020210319,Hilang,,,030604,DP CILEUNGSI,,,355410090162340,,HILANG
RR8KC01J3QR,Tablet,SAMSUNG XCOVER,,Beli,PO20210122,Cek,,,030028,WILAYAH BODEBEK,,,355410090162357,,"tmbl,bocor"
RR8KC02HKNZ,Tablet,Samsung Xcover,,Beli,P020210419,Cek,,,030028,WILAYAH BODEBEK,,,355410090170434 ,,"tmbl,bocor"
RR8KC02HRER,Tablet,SAMSUNG XCOVER,,Beli,PO20210122,Cek,X03072268,KRWBG3-RIFKI RAMADHAN,030722,DP KARAWANG,B9950BCI,,355410090172331,,
RR8KC02J0AP,Tablet,SAMSUNG XCOVER,,Beli,PO20210122,Cek,,,030028,WILAYAH BODEBEK,,,355410090174931,,"tmbl,bocor"
RR8KC02JC2F,Tablet,SAMSUNG XCOVER,,Beli,PO20210122,Cek,,,030722,DP KARAWANG,,,355410090178817,,SUDAH DI KIRIM KE DKI
RR8KC03HLRM,Tablet,SAMSUNG XCOVER,,Beli,PO20210122,Cek,,,030028,WILAYAH BODEBEK,,,355410090179013,,"tmbl,bocor"
RR8KC03HMFE,Tablet,SAMSUNG XCOVER,,Beli,PO20210227,Jual,,,030722,DP KARAWANG,,,355410090179245,,DP KARAWANG
RR8KC03HPXR,Tablet,SAMSUNG XCOVER,,Beli,PO20210122,Cek,,KRWBG3-DIKI FIRDAUS,030722,DP KARAWANG,,,355410090180052,,
RR8KC03HQ3L,Tablet,SAMSUNG XCOVER,,Beli,PO20210122,Cek,,CKROTA-MR X,030705,DP CIKARANG,,,355410090180110,,
RR8KC04NV5W,Tablet,SAMSUNG XCOVER,,Beli,PO20210227,Cek,,CLGAC2-INDRA PERMANA,030604,DP CILEUNGSI,,,355410090185549,,DP CILEUNGSI
RR8KC04NZQD,Tablet,SAMSUNG XCOVER,,Beli,PO20210227,Cek,,DPKOTA-MUHAMMAD HALIM,030028,WILAYAH BODEBEK,,,355410090187057,,"rsk tmbl,bocor"
RR8KC04P0AJ,Tablet,SAMSUNG XCOVER,,Beli,PO20210227,Cek,X13130121,,030705,DP CIKARANG,B9430BCM,,355410090187248,,
RR8KC04P3QH,Tablet,SAMSUNG XCOVER,,Beli,PO20210227,Cek,,,030705,DP CIKARANG,,,355410090188378,,
RR8KC04P4ZR,Tablet,SAMSUNG XCOVER,,Beli,PO20210227,Cek,,CKROTA-WAWAN AKRISMANTO,030028,WILAYAH BODEBEK,,,355410090188782,,"rsk tmbl,bocor"
RR8KC098KMK,Tablet,SAMSUNG XCOVER,,Beli,PO20210227,Cek,,,030028,WILAYAH BODEBEK,,,355410090189095,,"tmbl,bocor"
RR8KC098KNV,Tablet,SAMSUNG XCOVER,,Beli,PO20210227,Cek,D23007969,,030705,DP CIKARANG,B9989BCN,,355410090189103,,
RR8KC098P1W,Tablet,SAMSUNG XCOVER,,Beli,PO20210227,Cek,,,030722,DP KARAWANG,,,355410090190218,,DP KARAWANG
RR8KC098P2R,Tablet,SAMSUNG XCOVER,,Beli,PO20210227,Cek,,,030028,WILAYAH BODEBEK,,,355410090190226,,"tmbl,bocor"
RR8M10D49MP,Tablet,SAMSUNG XCOVER,,Beli,PO20210227,Cek,,BGRCKH-MOCHAMMAD FATURACHMAN H,030028,WILAYAH BODEBEK,,,355410090198369,,"tmbl,bocor"
RR8M10EA1DJ,Tablet,SAMSUNG XCOVER,,Beli,PO20210227,Cek,,BGROTA-MOHAMAD MUKHLIS,030028,WILAYAH BODEBEK,,,355410090202864,,"tmbl,bocor"
RR8M10EA1EB,Tablet,SAMSUNG XCOVER,,Beli,PO20210227,Cek,T23150619,BGROTA-ALFIEN A,030601,DP BOGOR,B9260FO,,355410090202872,,
RR8M10EA1HT,Tablet,SAMSUNG XCOVER,,Beli,PO20210227,Cek,,BGROTA-ADITYA N,030028,WILAYAH BODEBEK,,,355410090202906,,"tmbl,bcr"
RR8M10EA55X,Tablet,SAMSUNG XCOVER,,Beli,PO20210227,Cek,,,030028,WILAYAH BODEBEK,,,355410090204100,,"tmbl,bcr"
RR8M10EA6WB,Tablet,SAMSUNG XCOVER,,Beli,PO20210227,Cek,,CMPOTA-HENGKI,030028,WILAYAH BODEBEK,,,355410090204670,,"tmbl,bocor"
RR8M10EA73V,Tablet,SAMSUNG XCOVER,,Beli,PO20210227,Cek,,BGROTA-RAMDAN TRIADI,030028,WILAYAH BODEBEK,,,355410090204746,,"rsk tmbl,bocor"
RR8M10EA8EX,Tablet,SAMSUNG XCOVER,,Beli,PO20210227,Cek,,,030028,WILAYAH BODEBEK,,,355410090205180,,"tmbl,bcr"
RR8M10EA9PP,Tablet,SAMSUNG XCOVER,,Beli,PO20210227,Cek,,BGROTA-ADITYA MAHENDRA R,030601,DP BOGOR,,,355410090205602,,
RR8M10EA9RL,Tablet,SAMSUNG XCOVER,,Beli,PO20210227,Cek,D24005085,,030705,DP CIKARANG,B9719BCQ,,355410090205628,,
RR8M10EABDA,Tablet,SAMSUNG XCOVER,,Beli,PO20210227,Cek,,BGROTA-MR X,030028,WILAYAH BODEBEK,,,355410090206162,,"rsk tmbl,bocor"
RR8M10EABZA,Tablet,SAMSUNG XCOVER,,Beli,PO20210227,Cek,,,030028,WILAYAH BODEBEK,,,355410090206352,,"tmbl,bocor"
RR8M10EAC8J,Tablet,SAMSUNG XCOVER,,Beli,PO20210227,Cek,,CMPOTA-RENDI WINATA W,030028,WILAYAH BODEBEK,,,355410090206444,,"tmbl,bocor"
RR8M10EACMW,Tablet,SAMSUNG XCOVER,,Beli,PO20210227,Cek,,BGROTA-MR X,030028,WILAYAH BODEBEK,,,355410090206576,,"tmbl,bocor"
RR8M10EACVB,Tablet,SAMSUNG XCOVER,,Beli,PO20210227,Cek,,CLGOTA-CLGBC1-SOPIAN,030028,WILAYAH BODEBEK,,,355410090206642,,"tmbl,bocor"
RR8M10EAE0P,Tablet,SAMSUNG XCOVER,,Beli,PO20210227,Cek,,CMPOTA-KARTONO,030028,WILAYAH BODEBEK,,,355410090207020,,"tmbl,bcr"
RR8M10EAE6Y,Tablet,SAMSUNG XCOVER,,Beli,PO20210227,Cek,,DPKOTA-MR X,030610,DP DEPOK,,,355410090207087,,
RR8M10EAE7E,Tablet,SAMSUNG XCOVER,,Beli,PO20210227,Cek,,CLGOTA-LUKMAN AJI,030604,DP CILEUNGSI,,,355410090207095,,JUAL
RR8M10EAJ6X,Tablet,SAMSUNG XCOVER,,Beli,PO20210227,Cek,,BKSOTA-NELAWATI BT. AMAN,030702,DP BEKASI,,,355410090208408,,
RR8M10EAJ9D,Tablet,SAMSUNG XCOVER,,Beli,PO20210227,Cek,,,030028,WILAYAH BODEBEK,,,355410090208432,,"tmbl,bocor"
RR8M10EAJBT,Tablet,SAMSUNG XCOVER,,Beli,PO20210227,Cek,,CMPOTA-JEFRY R,030028,WILAYAH BODEBEK,,,355410090208457,,"tmbl,bocor"
RR8M10EAP7T,Tablet,SAMSUNG XCOVER,,Beli,PO20210227,Cek,,DPKOTA-ROBBY ILHAM R,030610,DP DEPOK,,,355410090210065,,
RR8M10EAPZV,Tablet,SAMSUNG XCOVER,,Beli,PO20210227,Cek,,,030028,WILAYAH BODEBEK,,,355410090210313,,"tmbl,bocor"
RR8M10EAQ8D,Tablet,SAMSUNG XCOVER,,Beli,PO20210227,Cek,,,030028,WILAYAH BODEBEK,,,355410090210404,,"tmbl,bocor"
RR8M10EAQQX,Tablet,SAMSUNG XCOVER,,Beli,PO20210227,Cek,,,030028,WILAYAH BODEBEK,,,355410090210560,,"tmbl,bocor"
RR8M10EAW4D,Tablet,SAMSUNG XCOVER,,Beli,PO20210227,Cek,,CLGOTA-MUHAMAD TADZIRI,030604,DP CILEUNGSI,,,355410090212012,,JUAL
RR8M10EAXVT,Tablet,SAMSUNG XCOVER,,Beli,PO20210227,Cek,,,030702,DP BEKASI,,,355410090212582,,
RR8M10EAY3Z,Tablet,SAMSUNG XCOVER,,Beli,PO20210227,Cek,,,030028,WILAYAH BODEBEK,,,355410090212665,,"tmbl,bocor"
RR8M10EAY8J,Tablet,SAMSUNG XCOVER,,Beli,PO20210227,Cek,,CLGOTA-FARHAN A,030604,DP CILEUNGSI,,,355410090212715,,JUAL
RR8M10EAYFL,Tablet,SAMSUNG XCOVER,,Beli,PO20210227,Cek,,CLGOTA-AAN SETIAWAN,030604,DP CILEUNGSI,,,355410090212780,,
RR8M10EAYHF,Tablet,SAMSUNG XCOVER,,Beli,PO20210227,Cek,,CLGBG2-TRIANDI SEPTIANUR K,030604,DP CILEUNGSI,,,355410090212806,,JUAL
RR8M10FEZ7J,Tablet,SAMSUNG XCOVER,,Beli,PO20210227,Cek,,,030028,WILAYAH BODEBEK,,,355410090214414,,"tmbl,bocor"
RR8M10FFAZE,Tablet,SAMSUNG XCOVER,,Beli,PO20210227,Cek,X99120052,KRWBG2-AGUS MAULANA,030722,DP KARAWANG,B9628KCF,,355410090218290,,
RR8M10FFFDM,Tablet,SAMSUNG XCOVER,,Beli,PO20210227,Cek,,BKSOTA-NANANG ROIS,030702,DP BEKASI,,,355410090219751,,
RR8M10FFFKH,Tablet,SAMSUNG XCOVER,,Beli,PO20210227,Cek,D13001170,,030705,DP CIKARANG,B9291BXH,,355410090216819,,
RR8M10FFLQE,Tablet,SAMSUNG XCOVER,,Beli,PO20210227,Cek,,,030705,DP CIKARANG,,,355410090221518,,SUDAH DI KIRIM KE DKI
RR8M10FFVTV,Tablet,SAMSUNG XCOVER,,Beli,PO20210227,Cek,,CKRAC2-BAYU PRIATNA,030705,DP CIKARANG,,,355410090224181,,
RR8M10FRTTD,Tablet,SAMSUNG XCOVER,,Beli,PO20210227,Cek,,,030028,WILAYAH BODEBEK,,,355410090226251,,"tmbl,bocor"
RR8M10FRTYR,Tablet,SAMSUNG XCOVER,,Beli,PO20210227,Cek,,,030722,DP KARAWANG,,,355410090226293,,KIRIM KE PUSAT
RR8M10FRWAK,Tablet,SAMSUNG XCOVER,,Beli,PO20210227,Cek,,KRWOTA-JENERY R,030722,DP KARAWANG,,,355410090226749,,
RR8M10FRY8F,Tablet,SAMSUNG XCOVER,,Beli,PO20210227,Cek,D18004819,,030705,DP CIKARANG,B9994BCN,,355410090227382,,
RR8M10FRZ2J,Tablet,SAMSUNG XCOVER,,Beli,PO20210227,Cek,,CKRAC2-ALLSON JOSTRA H,030705,DP CIKARANG,,,355410090227655,,
RR8M10FS19D,Tablet,SAMSUNG XCOVER,,Beli,PO20210227,Cek,,KRWAC2-ARIP FREDIAN,030722,DP KARAWANG,,,355410090228380,,
RR8M10HZLMF,Tablet,Samsung Xcover,,Beli,P020210419,Cek,,,030028,WILAYAH BODEBEK,,,355410090230410,,"tmbl,bocor"
RRK60023DT,Tablet,,,,,,,,,,,,,,ASURANSI
S6ARAC019800PV3,CPU,ASUS,,,,Cek,918007732,FEBRIKA PUJIASMORO,,,,,,,
S7ARAC00X301GRE,CPU,ASUS,,,,Cek,918007732,FEBRIKA PUJIASMORO,,,,,,,
S7ARAC00X4114BD,CPU,ASUS,,,,Cek,918007732,FEBRIKA PUJIASMORO,,,,,,,
S7ARAC00X417XJG,CPU,ASUS,,,,Cek,918007732,FEBRIKA PUJIASMORO,,,,,,,
S7ARAC00X419MEL,CPU,ASUS,,,,Cek,918007732,FEBRIKA PUJIASMORO,,,,,,,
S7ARAC01X362VY5,CPU,ASUS,,,,Cek,918007732,FEBRIKA PUJIASMORO,,,,,,,
S7ARAC01X371JGY,CPU,ASUS,,,,Cek,918007732,FEBRIKA PUJIASMORO,,,,,,,
S7ARAC01X45035D,CPU,ASUS,,,,Cek,918007732,FEBRIKA PUJIASMORO,,,,,,,
S7ARAC01X5236GH,CPU,ASUS,,,,Cek,918007732,FEBRIKA PUJIASMORO,,,,,,,
S7PFWT01A786318,CPU,ASUS,,,,Cek,918007732,FEBRIKA PUJIASMORO,,,,,,,
S7PFWT01A787316,CPU,ASUS,,,,Cek,924005432,AMADEA RACHEL JANUAR,,,,,,,
S7PFWT01A830319,CPU,ASUS,,,,Cek,918007732,FEBRIKA PUJIASMORO,,,,,,,
SBLMBS001465,Monitor,ASUS,,,,Cek,918007732,FEBRIKA PUJIASMORO,,,,,,,
SBLMBS001469,CPU,ASUS,,,,Cek,918007732,FEBRIKA PUJIASMORO,,,,,,,AGEN CIAMPEA
SBLMBS001472,Monitor,ASUS,,,,Cek,918007732,FEBRIKA PUJIASMORO,,,,,,,
SBLMBS007472,CPU,,,,,Cek,,,,,,,,,
SBLMBS011465,CPU,,,,,Cek,,,,,,,,,PBK
SGH625092F,CPU,HP,,,,Cek,915004123,FERRYANTO,,,,,,,
SGH71307S8,CPU,HP,,,,Cek,917005956,WOWOT ADI PRATAMA,030601,DP BOGOR,,,,,
SGH8120GC7,CPU,HP,,,,Cek,917005017,NISVI TRISNA SURYANI,030601,DP BOGOR,,,,,
T2PFWT00823807C,Monitor,ASUS,,,,Cek,918007732,FEBRIKA PUJIASMORO,,,,,,,PBK
T2PFWT00827907A,CPU,ASUS,,,,Cek,918007732,FEBRIKA PUJIASMORO,,,,,,,
T2PFWT008285079,Monitor,ASUS,,,,Cek,918007732,FEBRIKA PUJIASMORO,,,,,,,PBK
T3NXCV076419116,Notebook,ASUS,,,,Cek,923000339,ALEX SETIAWAN,,,,,,,ALEX SETIAWAN
T3NXCV076427116,Laptop,ASUS,,,,Cek,918006556,FERDY LIUS,,,,,,https://drive.google.com/file/d/1nk-AySQvbySTPhpUE_hMa787lb8ugAdM/view?usp=drive_link,FERDY LIUS
T3NXCV076442119,Laptop,ASUS,,,,Cek,921000943,MICHAEL CANDRA SANTOSO,,,,,,https://drive.google.com/file/d/1JWEgQ0VQqLvBwsfYLmhavFoEvEhFqOmS/view?usp=drive_link,MICHAEL CANDRA SANTOSO
TANXCV01R768414,Laptop,ASUS,,,,Cek,906001821,KARINA,,,,,,,KARINA
TANXCV01R77341H,Laptop,ASUS,,,,Cek,919010441,HENDRIK SUSANTO,,,,,,,HENDRIK SUSANTO
TANXCV01R777416,Notebook,ASUS,,,,Cek,915000687,ADITYA RENDRAHADI,,,,,,,ADITYA RENDRAHADI
TANXCV01R77941A,Laptop,ASUS,,,,Cek,922006561,MARCELINUS FREDIKSON,,,,,,,MARCELINUS FREDIKSON
TANXCV01R787410,Laptop,ASUS,,,,Cek,920005952,GERALD YOHANES RAINALDY MARBUN,030028,WILAYAH BODEBEK,,,,,RUSAK DI WILAYAH
TANXCV01R800416,Laptop,ASUS,,,,Cek,921001492,MANUEL,,,,,,,MANUEL
TANXCV01R806412,Notebook,ASUS,,,,Cek,918007732,OKTAVIANUS CANDRA,030028,WILAYAH BODEBEK,,,,,OKTAVIANUS CANDRA
VHSK272561,Printer,EPSON,,,,Cek,,,,,,,,,
VHSK273682,Printer,EPSON,,,,Jual,,,,,,,,,ASURANSI
VHSK275185,Printer,EPSON,,,,Cek,,,,,,,,,DP BEKASI
VHSK284602,Printer,EPSON,,,,Jual,,,,,,,,,JUAL
X4HZ0X01269,Projector,EPSON,,,,Cek,,,030028,WILAYAH BODEBEK,,,,,
X4HZ0X01968,Projector,EPSON,,,,Cek,,,030028,WILAYAH BODEBEK,,,,,
